date,AEP,VIST,VST,ETR,CMG,DIS,FIX,STX,VLO,CF,LNN,NTR,ASND,WDC,NET,CRWV,DOCN,ABBV,AVGO,MA,MU,NEM,PGR,ORKA,RDDT,F,HPE,PG,NFLX,BA,AMD,HII,LLY,NOK,WELL,GOOGL,MSFT,COST,HD,BRK.B,JNJ,KO,SPY,XLC,XLY,XLP,XLE,XLF,XLV,XLI,XLB,XLRE,XLK,XLU,MXNUSD=X,SGDUSD=X,CADUSD=X,DKKUSD=X,EURUSD=X
2019-12-30,73.5882568359375,8.199999809265137,20.052017211914062,46.84154510498047,17.302600860595703,142.04100036621094,47.48122787475586,47.31951141357422,70.59918975830078,39.200191497802734,89.16046142578125,37.749412536621094,137.1300048828125,47.96944808959961,17.170000076293945,,,67.56327819824219,26.881938934326172,289.0587158203125,53.17422866821289,35.70686721801758,61.077781677246094,35.88351058959961,,6.641078948974609,12.86687183380127,103.26010131835938,32.59000015258789,330.7919006347656,48.599998474121094,227.25216674804688,121.99930572509766,3.4224112033843994,67.36653900146484,67.43431091308594,149.65725708007812,265.5449523925781,185.33428955078125,226.17999267578125,119.93370056152344,44.628684997558594,293.15496826171875,50.42499923706055,59.39384841918945,52.1972770690918,22.98334312438965,27.157882690429688,90.75261688232422,74.62106323242188,26.114852905273438,30.711956024169922,43.69302749633789,25.960556030273438,0.05287843570113182,0.7414987087249756,0.770926833152771,0.14931835234165192,1.1161000728607178
2020-01-06,74.36070251464844,7.849999904632568,19.773996353149414,47.583248138427734,17.155399322509766,140.2182159423828,46.54473876953125,48.178985595703125,74.74164581298828,38.08577346801758,97.84589385986328,38.03948974609375,137.35000610351562,50.44179153442383,17.479999542236328,,,67.83748626708984,25.60112190246582,299.79168701171875,55.26102066040039,35.23999786376953,62.509544372558594,40.72391128540039,,6.669921875,12.622100830078125,104.43107604980469,32.904998779296875,327.96868896484375,48.16999816894531,233.6687469482422,127.76737213134766,3.6110482215881348,68.3991470336914,70.77452850341797,152.22360229492188,270.5604553222656,189.8125,226.6199951171875,120.58209228515625,45.31415557861328,296.155517578125,51.59420394897461,59.63456726074219,52.43157196044922,22.758838653564453,27.104887008666992,92.1510009765625,74.5309829711914,26.053634643554688,30.823617935180664,44.64410400390625,26.147319793701172,0.05323821306228638,0.7415646910667419,0.7662248611450195,0.14882723987102509,1.1119993925094604
2020-01-13,77.68700408935547,7.5,19.93037986755371,49.8320198059082,17.562999725341797,139.9370574951172,47.75156021118164,49.06257247924805,70.36775970458984,39.25122833251953,97.32511138916016,37.76552963256836,139.1300048828125,50.67937469482422,18.600000381469727,,,67.93568420410156,26.419925689697266,311.8249816894531,56.22640609741211,36.24876022338867,64.71479034423828,36.9161262512207,,6.605024814605713,12.32021427154541,106.4864730834961,33.96699905395508,322.2328186035156,50.93000030517578,239.5936737060547,129.230224609375,3.7188405990600586,71.36476135253906,73.27869415283203,157.6581268310547,277.3326416015625,196.32244873046875,230.1999969482422,123.99853515625,46.46475601196289,301.829345703125,53.01592254638672,60.41339874267578,53.4022216796875,22.496274948120117,27.40517234802246,93.66592407226562,76.02609252929688,26.73579978942871,31.581453323364258,45.954803466796875,27.105514526367188,0.053610678762197495,0.7422802448272705,0.7652866244316101,0.14841198921203613,1.1091097593307495
2020-01-20,80.52460479736328,7.800000190734863,19.261402130126953,51.57579803466797,17.39419937133789,135.81640625,47.70329666137695,50.789554595947266,68.85579681396484,34.81908416748047,95.75357055664062,35.67863464355469,135.8000030517578,51.61485290527344,17.770000457763672,,,64.49259185791016,27.721282958984375,311.8345642089844,56.32392120361328,36.92404556274414,65.09645080566406,36.2707405090332,,6.489654541015625,12.042808532714844,106.04293823242188,35.316001892089844,321.1393127441406,50.349998474121094,238.43804931640625,128.75802612304688,3.6379969120025635,71.82736206054688,72.61749267578125,155.7145233154297,282.6392517089844,196.39866638183594,226.86000061035156,123.2920150756836,47.0686149597168,298.9378967285156,52.089935302734375,59.450477600097656,53.20975112915039,21.544973373413086,26.839927673339844,91.84622955322266,75.25152587890625,26.12360191345215,31.900548934936523,46.101497650146484,27.75514030456543,0.05324530228972435,0.7402471899986267,0.7607455253601074,0.14755356311798096,1.1025699377059937
2020-01-27,82.1483383178711,7.110000133514404,19.565486907958984,51.887474060058594,17.3351993560791,134.1002960205078,44.797264099121094,45.777259826660156,65.0373306274414,34.26612854003906,93.01962280273438,34.39749526977539,135.10000610351562,48.63022232055664,17.860000610351562,,,62.547149658203125,26.109338760375977,304.3872985839844,51.77002716064453,37.56598663330078,68.4382095336914,33.81827163696289,,6.468019962310791,11.365601539611816,105.60227966308594,34.50899887084961,316.3875732421875,47.0,225.09613037109375,129.28573608398438,3.485290288925171,70.14215850830078,70.96373748779297,160.6112518310547,278.09716796875,193.09716796875,224.42999267578125,123.74913787841797,47.656166076660156,292.5367126464844,50.42499923706055,59.153114318847656,52.86667251586914,20.334930419921875,26.460163116455078,88.87015533447266,73.05386352539062,25.20092010498047,31.294279098510742,45.10782241821289,28.006866455078125,0.053087010979652405,0.7328476905822754,0.7556465864181519,0.1484869122505188,1.1094703674316406
2020-02-03,80.42887115478516,7.400000095367432,19.374347686767578,52.05316925048828,17.284400939941406,136.72779846191406,46.07167053222656,43.455867767333984,64.82905578613281,35.873966217041016,97.5204086303711,34.864830017089844,143.5,49.76616287231445,18.170000076293945,,,71.24756622314453,26.970924377441406,315.0428466796875,55.465797424316406,36.698951721191406,70.61798858642578,36.59343338012695,,5.947351932525635,12.026487350463867,106.83948516845703,36.676998138427734,334.75830078125,49.72999954223633,232.11634826660156,135.55380249023438,3.925442695617676,69.497802734375,73.25839233398438,173.49942016601562,286.0811462402344,200.88534545898438,227.3800048828125,126.25955200195312,48.30082321166992,302.056640625,52.24893569946289,60.56443786621094,53.770389556884766,20.540407180786133,27.308021545410156,92.36614227294922,75.34159088134766,26.27665138244629,31.860652923583984,47.170860290527344,27.84852409362793,0.05331740900874138,0.7197403311729431,0.7514954805374146,0.14649438858032227,1.094829797744751
2020-02-10,82.34951782226562,7.599999904632568,20.234464645385742,53.29011154174805,18.438800811767578,135.2928466796875,47.452274322509766,43.36751174926758,64.49828338623047,32.8183708190918,102.32039642333984,33.26137924194336,141.00999450683594,51.414390563964844,17.75,,,72.60626220703125,27.188251495361328,328.4827880859375,57.04551696777344,36.74064254760742,71.05052947998047,35.68989181518555,,5.940020561218262,11.78171443939209,106.89031219482422,38.040000915527344,340.489990234375,55.310001373291016,212.34068298339844,131.33322143554688,3.889512300491333,73.78517150878906,75.22071838378906,174.8768768310547,290.3500671386719,207.4291534423828,226.8000030517578,124.79656219482422,48.92101287841797,306.96673583984375,53.25912094116211,62.159873962402344,54.21387481689453,20.768718719482422,27.5288143157959,93.16395568847656,76.23326110839844,26.460308074951172,33.408226013183594,48.244972229003906,28.579343795776367,0.05397586151957512,0.7187005877494812,0.7548764944076538,0.14499057829380035,1.0831196308135986
2020-02-17,80.72252655029297,7.510000228881836,20.356098175048828,51.63336944580078,18.402799606323242,134.7401885986328,47.16263198852539,43.407676696777344,64.7011947631836,33.71808624267578,98.41297149658203,34.292747497558594,141.89999389648438,49.729042053222656,21.020000457763672,,,73.30880737304688,26.05286979675293,327.2784729003906,55.573062896728516,41.21753692626953,69.09127807617188,27.493478775024414,,5.7860188484191895,11.569581985473633,107.3648681640625,38.00699996948242,330.3800048828125,53.279998779296875,203.55245971679688,132.18943786621094,3.7368059158325195,72.6778793334961,73.4738540649414,168.95913696289062,293.67034912109375,207.6915740966797,229.3300018310547,124.63029479980469,49.067901611328125,303.2204895019531,52.49214172363281,61.50376892089844,54.09672546386719,20.601285934448242,27.175540924072266,92.71574401855469,75.28755187988281,26.385967254638672,33.4481086730957,47.052574157714844,28.554988861083984,0.0528896227478981,0.7159990072250366,0.7564296126365662,0.1452411711215973,1.0847904682159424
2020-02-24,70.8415298461914,6.230000019073486,16.70711326599121,46.44858169555664,15.471599578857422,114.06910705566406,40.76164245605469,38.5158805847168,51.70632553100586,31.584463119506836,92.35133361816406,32.57650375366211,130.3800048828125,41.250308990478516,21.299999237060547,,,66.1678237915039,23.325231552124023,279.63671875,51.253211975097656,37.207496643066406,62.051551818847656,24.137468338012695,,5.104016304016113,10.435468673706055,95.9504623413086,36.90299987792969,275.1099853515625,45.47999954223633,178.0914306640625,117.38280487060547,3.4763073921203613,62.42405700683594,66.3313217163086,153.27322387695312,256.4449768066406,184.41156005859375,206.33999633789062,112.5002212524414,43.64945602416992,269.3778381347656,47.47862243652344,54.67367935180664,48.52388381958008,17.226089477539062,23.48383903503418,83.0165786743164,65.82144165039062,23.053834915161133,29.347867965698242,41.81452941894531,25.245967864990234,0.05100713297724724,0.7179266214370728,0.7485870122909546,0.14759711921215057,1.1028094291687012
2020-03-02,77.53995513916016,6.050000190734863,17.836557388305664,49.376686096191406,14.461600303649902,111.76154327392578,40.80515670776367,39.56813430786133,49.240028381347656,31.567325592041016,91.46542358398438,31.037511825561523,129.92999267578125,40.63407897949219,22.770000457763672,,,68.56873321533203,23.054012298583984,276.5151672363281,50.190311431884766,43.766780853271484,68.29401397705078,24.52469825744629,,4.7593488693237305,9.782740592956543,103.09398651123047,36.89699935913086,262.3299865722656,48.59000015258789,177.0169219970703,131.64964294433594,3.2068262100219727,61.70654296875,64.17632293701172,152.85693359375,283.99224853515625,193.44419860839844,205.97999572753906,118.81624603271484,45.09382629394531,270.468994140625,46.599388122558594,54.116695404052734,51.4943962097168,16.172056198120117,22.565324783325195,87.08627319335938,65.25401306152344,23.408037185668945,30.711956024169922,42.070030212402344,27.247621536254883,0.04976287856698036,0.7257947325706482,0.7448789477348328,0.15112817287445068,1.1287994384765625
2020-03-09,68.62722778320312,3.450000047683716,13.457784652709961,40.894290924072266,12.607199668884277,99.39962005615234,36.64332962036133,39.30306625366211,38.94559097290039,23.718338012695312,76.5631332397461,25.21193504333496,109.31999969482422,31.04909896850586,19.059999465942383,,,65.90534210205078,20.03974723815918,260.13677978515625,41.92115020751953,33.023643493652344,66.21603393554688,17.425445556640625,,4.128679275512695,8.132457733154297,96.66227722167969,33.630001068115234,170.1999969482422,43.900001525878906,154.77392578125,129.70458984375,2.461261749267578,42.784088134765625,60.141212463378906,150.26470947265625,275.7190246582031,175.27395629882812,196.39999389648438,112.3412857055664,39.89986801147461,244.88226318359375,43.20405960083008,48.287296295166016,47.36914825439453,12.24889850616455,20.35736846923828,81.26859283447266,56.68857955932617,20.338274002075195,28.167245864868164,39.836639404296875,23.414846420288086,0.04566168412566185,0.7069135904312134,0.7225955128669739,0.1486237347126007,1.1145998239517212
2020-03-16,56.70655059814453,2.319999933242798,12.340322494506836,31.780183792114258,11.319999694824219,83.36304473876953,31.697546005249023,32.71640396118164,30.173084259033203,19.06550407409668,82.53148651123047,22.359577178955078,102.4800033569336,23.05295181274414,21.719999313354492,,,53.128787994384766,16.725797653198242,203.6891632080078,35.21220016479492,33.90986251831055,57.912513732910156,16.780057907104492,,3.1753435134887695,7.1179609298706055,86.79859924316406,33.28300094604492,95.01000213623047,39.61000061035156,138.05052185058594,113.9114761352539,2.389400005340576,35.39198303222656,52.90705490112305,129.94308471679688,264.90985107421875,129.6636962890625,170.05999755859375,100.29483032226562,31.52804946899414,209.2623291015625,37.61998748779297,41.44777297973633,42.1728515625,9.840216636657715,16.700998306274414,70.8971176147461,46.29477310180664,17.78888702392578,21.66588592529297,33.794185638427734,19.41560173034668,0.040970005095005035,0.690035879611969,0.6961848735809326,0.14264480769634247,1.076500415802002
2020-03-23,66.19071960449219,2.200000047683716,14.364901542663574,38.67337417602539,12.700599670410156,93.46589660644531,31.88143539428711,39.15606689453125,35.152488708496094,21.8931941986084,80.97411346435547,24.95409393310547,113.41000366210938,31.36834716796875,21.959999084472656,,,56.10097885131836,20.073223114013672,238.59437561035156,42.39896774291992,38.75054168701172,62.373844146728516,16.97367286682129,,3.806011915206909,8.099464416503906,93.357421875,35.71200180053711,162.0,46.58000183105469,160.8134307861328,124.80938720703125,2.7037947177886963,41.46586227416992,54.9897346496582,141.6270751953125,259.3548278808594,162.38856506347656,179.66000366210938,103.03038787841797,35.240623474121094,231.7799835205078,40.10846710205078,46.50577926635742,45.031620025634766,11.021324157714844,18.7130184173584,76.55570983886719,53.452659606933594,19.48369026184082,25.083171844482422,37.38105010986328,22.83320426940918,0.042778920382261276,0.7006235718727112,0.7132667899131775,0.14920474588871002,1.1170001029968262
2020-03-30,57.53988265991211,2.2200000286102295,13.87409496307373,33.12702941894531,12.220199584960938,91.0225830078125,30.323183059692383,37.35212707519531,31.48427963256836,22.08170509338379,79.69649505615234,26.68747329711914,112.0,28.740476608276367,24.079999923706055,,,56.64137649536133,20.383865356445312,228.36273193359375,40.19515609741211,39.41937255859375,64.40943908691406,18.32898712158203,,3.1093430519104004,7.670576095581055,97.51815795898438,36.17599868774414,124.5199966430664,42.59000015258789,156.87086486816406,129.9745330810547,2.6678640842437744,31.08686637878418,54.1200065612793,145.53436279296875,263.29541015625,152.28988647460938,178.33999633789062,112.24089050292969,36.080284118652344,226.9966278076172,39.53628921508789,43.83069610595703,46.580081939697266,11.604873657226562,17.492794036865234,78.1680679321289,51.138099670410156,18.75734519958496,23.54813003540039,36.681854248046875,21.238000869750977,0.040050942450761795,0.6951202750205994,0.7041757702827454,0.14526860415935516,1.0810004472732544
2020-04-06,68.50025177001953,2.5999999046325684,15.591920852661133,40.8863410949707,15.420000076293945,101.31935119628906,36.61430358886719,41.83339309692383,39.1016731262207,26.571733474731445,94.44026947021484,30.05611228942871,121.36000061035156,33.88533020019531,21.18000030517578,,,61.566734313964844,22.127626419067383,259.9503479003906,44.983089447021484,47.91354751586914,68.27366638183594,19.361604690551758,,3.9380130767822266,8.68506908416748,97.1622314453125,37.071998596191406,151.83999633789062,48.380001068115234,166.70559692382812,135.6234893798828,2.937345027923584,47.22269058227539,59.75984191894531,156.2344512939453,273.65753173828125,171.74581909179688,193.83999633789062,118.14698028564453,40.336158752441406,254.4440155029297,43.68222427368164,50.59905242919922,48.91960144042969,13.192132949829102,20.823911666870117,85.4192123413086,57.382869720458984,22.635591506958008,28.555118560791016,40.52505874633789,24.94510841369629,0.042873188853263855,0.7078142762184143,0.7170514464378357,0.1464986801147461,1.0936994552612305
2020-04-13,68.55580139160156,2.2799999713897705,15.372817039489746,40.23477554321289,16.405399322509766,103.38451385498047,32.45248031616211,42.012977600097656,40.39727020263672,24.24103355407715,85.31985473632812,29.279361724853516,129.0,31.831905364990234,24.829999923706055,,,65.38389587402344,23.13524055480957,250.8511962890625,44.56377410888672,49.51874923706055,70.06563568115234,29.62325668334961,,3.7546794414520264,8.008737564086914,105.6615982055664,42.29600143432617,154.0,56.599998474121094,169.79904174804688,146.3817901611328,3.1259820461273193,40.96525955200195,63.34720993041992,168.9685821533203,289.99432373046875,178.46975708007812,191.1999969482422,127.17345428466797,39.56237030029297,262.1632995605469,45.40811538696289,53.56345748901367,50.91408157348633,13.207693099975586,19.942142486572266,90.7787094116211,57.27394104003906,22.12495231628418,27.75946617126465,42.4561882019043,24.822086334228516,0.04220424219965935,0.7035812139511108,0.7142347097396851,0.1457662135362625,1.0879995822906494
2020-04-20,66.05580139160156,2.0999999046325684,15.811037063598633,38.748863220214844,17.64940071105957,98.11009979248047,30.07154083251953,39.694786071777344,40.974822998046875,23.992538452148438,85.68353271484375,28.265501022338867,129.5,30.60586166381836,23.280000686645508,,,65.49359893798828,23.04214096069336,249.6836395263672,43.06206512451172,52.76259231567383,70.37986755371094,25.6863956451416,,3.5713460445404053,7.860274791717529,101.32476806640625,42.499000549316406,128.97999572753906,56.18000030517578,159.86892700195312,151.6306915283203,3.045137405395508,36.760284423828125,63.22834014892578,165.13699340820312,283.2716369628906,180.82186889648438,186.52000427246094,129.5492401123047,37.397377014160156,258.8066711425781,45.64262008666992,53.24094009399414,49.407711029052734,13.468342781066895,19.363208770751953,90.33733367919922,55.88520431518555,21.948871612548828,26.586078643798828,42.156532287597656,23.91581153869629,0.04003266617655754,0.7025925517082214,0.7099146842956543,0.14513365924358368,1.082459568977356
2020-04-27,64.59548950195312,2.819999933242798,16.95917320251465,37.175540924072266,17.49839973449707,102.28892517089844,31.552366256713867,38.94382858276367,45.860572814941406,22.801475524902344,81.05803680419922,28.355440139770508,128.36000061035156,30.447908401489258,22.84000015258789,,,64.90596008300781,22.59749412536621,259.3135681152344,43.93968963623047,50.99018478393555,64.69819641113281,22.782155990600586,,3.6080124378204346,7.819033622741699,99.65280151367188,41.527000427246094,133.3699951171875,49.880001068115234,160.88275146484375,142.9757080078125,3.2337746620178223,39.48851776123047,65.24514770507812,165.1558837890625,276.0289001464844,186.2674560546875,182.6699981689453,124.05307006835938,37.53731918334961,258.6420593261719,46.50556945800781,53.23619842529297,48.49040603637695,13.946856498718262,19.648225784301758,88.12147521972656,56.52058029174805,22.358264923095703,26.42534065246582,42.28496170043945,22.91521644592285,0.04067090526223183,0.706763744354248,0.7012130618095398,0.14719952642917633,1.1095995903015137
2020-05-04,63.94911575317383,3.390000104904175,16.564773559570312,38.11403274536133,18.516599655151367,105.83753204345703,32.123416900634766,41.67831039428711,51.44875717163086,24.8751220703125,82.61541748046875,29.034076690673828,137.50999450683594,33.2459831237793,26.260000228881836,,,65.78351593017578,23.93141746520996,272.5329895019531,47.05036163330078,53.96649932861328,63.0760612487793,25.6863956451416,,3.8426785469055176,8.45412826538086,98.91063690185547,43.55500030517578,133.44000244140625,53.189998626708984,156.4722900390625,142.8639678955078,3.2158093452453613,37.16909408569336,68.5645751953125,174.720703125,279.7041931152344,199.78353881835938,176.8300018310547,124.39604949951172,37.95713424682617,267.46807861328125,48.644187927246094,55.61720657348633,48.911197662353516,15.086722373962402,19.853084564208984,89.54467010498047,57.28301239013672,23.10222053527832,26.803071975708008,45.08174514770508,23.03004264831543,0.042269714176654816,0.7081149816513062,0.7135212421417236,0.14534038305282593,1.09719979763031
2020-05-11,62.804012298583984,3.299999952316284,16.27554702758789,38.10200119018555,19.434999465942383,105.73087310791016,29.731576919555664,38.99280548095703,46.59714126586914,21.530344009399414,79.92918395996094,25.910724639892578,139.89999389648438,29.49264907836914,29.489999771118164,,,71.07221984863281,22.659273147583008,269.1557312011719,43.30583953857422,56.7672233581543,64.72367095947266,24.331085205078125,,3.5933446884155273,7.513863563537598,97.76757049560547,45.41899871826172,120.0,54.20000076293945,147.77259826660156,148.88490295410156,3.0990335941314697,33.91523742675781,68.00587463378906,173.28268432617188,273.55133056640625,203.95938110351562,169.25,125.8516845703125,35.611053466796875,261.8340148925781,48.0720100402832,54.77295684814453,48.29684829711914,14.001323699951172,18.748645782470703,90.4544448852539,53.97003936767578,22.393478393554688,24.89832878112793,44.45866394042969,22.4764347076416,0.04175766184926033,0.7006628513336182,0.7090187072753906,0.14517159759998322,1.082459568977356
2020-05-18,63.084293365478516,3.2799999713897705,17.362333297729492,39.29743957519531,21.11400032043457,114.42784118652344,32.830020904541016,41.59668731689453,52.06703567504883,23.93320655822754,86.72491455078125,26.92458724975586,146.5500030517578,31.907119750976562,28.260000228881836,,,72.16126251220703,24.0723819732666,284.56561279296875,43.82266616821289,52.71242904663086,63.458229064941406,24.71831512451172,,4.143346786499023,7.563349723815918,96.05292510986328,42.93199920654297,137.52999877929688,55.16999816894531,158.36985778808594,141.33924865722656,3.4583420753479004,40.50515365600586,69.99594116210938,174.0973358154297,276.4951477050781,206.13246154785156,174.92999267578125,121.61094665527344,37.0681037902832,270.2118225097656,50.37947082519531,57.500221252441406,48.36417770385742,14.970015525817871,19.52353286743164,89.73384857177734,57.94561767578125,23.300315856933594,26.28067398071289,45.89509963989258,23.16126251220703,0.044007498770952225,0.7022669315338135,0.7165325880050659,0.1462116539478302,1.0910003185272217
2020-05-25,68.26525115966797,2.940000057220459,17.914499282836914,40.84591293334961,20.07819938659668,113.72976684570312,35.938194274902344,43.294498443603516,52.82806396484375,25.47728729248047,87.91370391845703,27.799448013305664,145.49000549316406,33.37385559082031,29.06999969482422,,,72.6078872680664,25.344524383544922,290.33587646484375,46.71881866455078,48.883358001708984,65.97210693359375,81.31874084472656,,4.187346935272217,8.008737564086914,98.88504791259766,41.972999572753906,145.85000610351562,53.79999923706055,174.0750732421875,143.012939453125,3.5481698513031006,42.9192008972168,71.00039672851562,173.8506622314453,282.0173034667969,211.75704956054688,185.5800018310547,125.3005142211914,38.426353454589844,278.3335876464844,50.67023849487305,58.9041633605957,49.84531021118164,15.078943252563477,20.850631713867188,92.78739929199219,61.4219856262207,24.409643173217773,27.847877502441406,46.59906768798828,24.477617263793945,0.04514244943857193,0.707924485206604,0.7272886037826538,0.14889372885227203,1.1110000610351562
2020-06-01,68.47343444824219,3.609999895095825,18.291370391845703,41.61212158203125,21.06920051574707,121.02085876464844,41.26094055175781,44.39645767211914,59.16996383666992,28.38327407836914,95.08382415771484,31.258031845092773,140.97999572753906,36.45024108886719,29.139999389648438,,,73.53240203857422,27.590347290039062,300.94036865234375,52.384376525878906,45.978233337402344,69.53060913085938,55.180572509765625,,5.382684707641602,9.163448333740234,100.9408950805664,41.959999084472656,205.42999267578125,53.099998474121094,176.4089813232422,139.51589965820312,4.006287097930908,52.177284240722656,71.32231903076172,177.59803771972656,285.28106689453125,218.52536010742188,200.66000366210938,124.07908630371094,40.41024398803711,292.0708923339844,52.067848205566406,62.25277328491211,50.846771240234375,17.444271087646484,23.37123680114746,92.96754455566406,67.88461303710938,26.337766647338867,29.7767276763916,48.23529815673828,25.09273338317871,0.04637788608670235,0.7167431116104126,0.7452620267868042,0.15142567455768585,1.1292799711227417
2020-06-08,65.50261688232422,3.4600000381469727,17.704153060913086,38.67965316772461,19.836599349975586,111.974853515625,36.647247314453125,41.31098937988281,50.56875991821289,25.50330924987793,83.62657928466797,29.62276268005371,139.6199951171875,32.30577087402344,28.81999969482422,,,72.443359375,26.12590789794922,287.34454345703125,47.47942352294922,46.557579040527344,65.05489349365234,46.27423858642578,,4.737348556518555,8.459233283996582,98.62914276123047,41.80699920654297,189.50999450683594,53.5,158.748046875,134.2142791748047,3.7727372646331787,46.7901496887207,69.98009490966797,178.1103973388672,273.0850524902344,207.85194396972656,181.2100067138672,119.7409439086914,37.87834167480469,278.2328796386719,50.7640380859375,59.449607849121094,48.911197662353516,15.491318702697754,21.224716186523438,87.91429901123047,62.465824127197266,24.229156494140625,28.56315040588379,47.283992767333984,24.05933952331543,0.0449763648211956,0.7181844115257263,0.7360517978668213,0.1510254591703415,1.1255899667739868
2020-06-15,63.829017639160156,3.4700000286102295,17.496803283691406,37.91746520996094,20.21660041809082,110.86955261230469,37.15232467651367,42.486412048339844,50.06931686401367,25.928359985351562,84.08522033691406,29.173067092895508,146.07000732421875,33.38889694213867,36.0,,,75.77326202392578,26.61659812927246,286.0998229980469,49.56622314453125,47.79182815551758,68.7832260131836,44.85438537597656,,4.568681716918945,8.184200286865234,101.4441909790039,45.37200164794922,187.02000427246094,54.22999954223633,155.58680725097656,149.54879760742188,3.889512300491333,43.19872283935547,70.5605697631836,185.14028930664062,274.1820983886719,211.45265197753906,179.72000122070312,121.15607452392578,38.22722625732422,283.52691650390625,52.09598922729492,60.417198181152344,50.17350387573242,15.394060134887695,21.35831642150879,90.75169372558594,62.837947845458984,24.730995178222656,28.41045570373535,48.63007736206055,23.57544708251953,0.04419088363647461,0.7156659364700317,0.7350941300392151,0.14991603791713715,1.1177805662155151
2020-06-22,62.459693908691406,3.059999942779541,15.996820449829102,36.770145416259766,20.663000106811523,105.77935028076172,37.064903259277344,38.83564758300781,44.64700698852539,23.8117618560791,78.16941833496094,27.006345748901367,148.1199951171875,30.741256713867188,35.529998779296875,,,75.31884765625,27.024505615234375,279.1910095214844,47.284393310546875,49.82374572753906,66.15047454833984,44.2089958190918,,4.334014892578125,7.917506217956543,98.29644775390625,44.34000015258789,170.00999450683594,50.099998474121094,148.8812255859375,152.25100708007812,3.8984947204589844,42.13146209716797,67.48483276367188,186.25978088378906,271.12860107421875,206.61744689941406,175.3699951171875,116.08512878417969,36.19209671020508,275.63580322265625,49.31581115722656,58.83217239379883,48.45269775390625,14.385756492614746,20.23966407775879,88.20530700683594,60.29978561401367,24.118837356567383,27.31712532043457,48.430233001708984,22.81708335876465,0.0433858297765255,0.7178235650062561,0.7301508188247681,0.15055932104587555,1.1219894886016846
2020-06-29,66.07915496826172,3.130000114440918,16.79975700378418,38.85616683959961,21.128999710083008,108.7656021118164,38.86183166503906,39.14155197143555,44.6628532409668,25.4859619140625,87.72648620605469,26.989768981933594,151.0,31.922164916992188,36.470001220703125,,,77.47348022460938,27.733060836791992,291.8121337890625,48.59107971191406,51.183956146240234,67.28848266601562,43.49907302856445,,4.436681747436523,7.842499732971191,103.11617279052734,47.68899917602539,180.80999755859375,52.34000015258789,150.7535858154297,153.22344970703125,3.9883217811584473,44.57939147949219,72.80371856689453,195.68043518066406,279.5212707519531,213.03863525390625,178.8300018310547,118.74700164794922,37.280269622802734,286.82476806640625,51.88169860839844,61.57054901123047,50.030189514160156,14.71279239654541,20.58924102783203,91.90502166748047,62.889041900634766,25.46442413330078,28.86399269104004,50.209285736083984,23.941810607910156,0.044699568301439285,0.7172006368637085,0.7455231547355652,0.15095022320747375,1.1249998807907104
2020-07-06,67.3843994140625,3.2100000381469727,16.649757385253906,39.37366485595703,22.36079978942871,115.7076644897461,37.764251708984375,39.17463684082031,42.53038787841797,24.392961502075195,88.49404907226562,26.326631546020508,136.97000122070312,31.824382781982422,40.08000183105469,,,75.86730194091797,28.08206558227539,285.68963623046875,49.439449310302734,51.95641326904297,68.67456817626953,42.5309944152832,,4.4733476638793945,7.7174882888793945,105.68379974365234,54.87300109863281,178.44000244140625,55.880001068115234,145.46751403808594,152.74661254882812,3.7008750438690186,42.81755828857422,76.22517395019531,202.71029663085938,298.2542419433594,214.41888427734375,182.89999389648438,119.92626953125,37.50453567504883,291.7486572265625,54.23140335083008,63.37712097167969,51.13273239135742,14.00355339050293,21.028461456298828,91.0999526977539,62.00467300415039,25.668039321899414,28.34566307067871,51.549522399902344,23.888050079345703,0.044565267860889435,0.7191140651702881,0.7360517978668213,0.15171973407268524,1.1299996376037598
2020-07-13,70.0749740600586,3.1700000762939453,17.31151008605957,40.29232406616211,22.72439956665039,115.0386734008789,40.68787384033203,39.91050338745117,43.97317886352539,26.336069107055664,91.86381530761719,27.6280460357666,143.52000427246094,32.651771545410156,37.02000045776367,,,79.9655532836914,27.490427017211914,293.7865295410156,48.24004364013672,52.82962417602539,74.51649475097656,45.56431198120117,,4.986683368682861,8.059188842773438,107.16810607910156,49.29899978637695,175.66000366210938,55.040000915527344,157.5811004638672,155.17767333984375,3.943408966064453,43.19025802612305,75.12760925292969,192.47378540039062,296.93768310546875,223.2233428955078,190.75999450683594,125.80592346191406,38.89175033569336,295.54266357421875,53.95885467529297,63.62910079956055,52.235286712646484,14.456684112548828,21.467674255371094,95.78565979003906,65.64232635498047,27.0711727142334,28.361860275268555,50.95334243774414,24.896997451782227,0.044381916522979736,0.7196004986763,0.7363119721412659,0.153496652841568,1.1431001424789429
2020-07-20,70.50740051269531,3.619999885559082,16.658580780029297,41.182884216308594,22.605199813842773,114.03031921386719,39.90111541748047,39.720333099365234,45.96295928955078,26.526912689208984,92.95899200439453,27.022924423217773,138.02000427246094,32.23055648803711,35.720001220703125,,,77.01531982421875,26.882083892822266,296.5498352050781,48.776363372802734,56.04541778564453,74.71208190917969,44.596229553222656,,5.045350074768066,8.017518997192383,108.12767028808594,48.04499816894531,173.75999450683594,69.4000015258789,154.1934814453125,149.17478942871094,3.8625638484954834,43.554473876953125,74.69969177246094,190.97482299804688,297.84283447265625,227.4498291015625,194.52000427246094,124.76981353759766,40.278968811035156,294.7709045410156,53.43251419067383,64.43726348876953,52.69327163696289,14.779779434204102,21.754507064819336,95.07103729248047,65.49647521972656,27.20838737487793,28.183692932128906,50.1758918762207,24.925945281982422,0.0448998287320137,0.7233272790908813,0.7455453872680664,0.15665386617183685,1.1656601428985596
2020-07-27,69.57049560546875,3.5199999809265137,16.464466094970703,42.173744201660156,23.103200912475586,113.38072204589844,48.28345489501953,37.38869857788086,44.575660705566406,27.177507400512695,90.76864624023438,27.01464080810547,137.61000061035156,32.418601989746094,41.619998931884766,,,75.27056884765625,27.845584869384766,298.10546875,48.81536865234375,58.10250473022461,76.82095336914062,45.17707824707031,,4.847348690032959,8.225872039794922,112.55716705322266,48.88800048828125,158.0,77.43000030517578,151.276123046875,140.52574157714844,4.2937331199646,45.367130279541016,73.69624328613281,194.49452209472656,298.2544250488281,227.60409545898438,195.77999877929688,122.78184509277344,39.240631103515625,299.9520263671875,54.63557434082031,65.13138580322266,53.17668914794922,14.19662857055664,21.539377212524414,95.46003723144531,65.39620208740234,26.71706771850586,29.366100311279297,52.67037582397461,25.153371810913086,0.044918183237314224,0.7277491092681885,0.7457622289657593,0.15815527737140656,1.178000569343567
2020-08-03,69.91958618164062,3.490000009536743,16.676227569580078,41.98921585083008,23.61240005493164,125.97533416748047,50.92539978027344,37.46311950683594,42.486053466796875,28.73893165588379,96.46916198730469,29.410226821899414,145.97000122070312,27.82282829284668,40.060001373291016,,,73.69233703613281,28.652597427368164,316.9369201660156,47.537933349609375,57.85902404785156,77.15260314941406,44.40261459350586,,5.030683517456055,8.409226417541504,114.64313507080078,49.472999572753906,170.02000427246094,84.8499984741211,146.21646118164062,142.9942169189453,4.473388195037842,48.43339157104492,74.21231842041016,201.5813446044922,312.345703125,232.87652587890625,209.47999572753906,125.17412567138672,39.7057991027832,307.3470153808594,56.32735824584961,66.73826599121094,53.86366271972656,14.649750709533691,22.265422821044922,96.25603485107422,68.4959487915039,27.31461524963379,29.56047821044922,54.249107360839844,25.426280975341797,0.04468674585223198,0.7287567257881165,0.7472891807556152,0.15824036300182343,1.1790200471878052
2020-08-10,66.97262573242188,3.0899999141693115,16.808576583862305,40.86103439331055,23.730600357055664,126.55708312988281,51.60691833496094,37.26468276977539,43.938289642333984,30.711366653442383,99.74581909179688,31.847259521484375,142.42999267578125,26.882612228393555,38.5,,,75.3974609375,28.818756103515625,315.7580871582031,44.46625518798828,53.61048126220703,75.65597534179688,38.400516510009766,,5.162683010101318,8.059188842773438,115.97370910644531,48.268001556396484,178.0800018310547,81.30000305175781,145.33689880371094,141.0228271484375,4.491353511810303,48.06917190551758,74.52236938476562,198.1849822998047,308.1036682128906,240.5149688720703,210.9600067138672,124.87089538574219,40.2457389831543,309.4323425292969,56.233367919921875,68.26434326171875,54.4149284362793,15.047713279724121,22.570186614990234,96.60882568359375,70.68404388427734,27.721837997436523,29.042158126831055,54.315879821777344,24.967294692993164,0.04556140676140785,0.7297672033309937,0.7559321522712708,0.1590356081724167,1.1843093633651733
2020-08-17,63.848045349121094,3.0,16.852697372436523,39.72746658325195,25.064800262451172,123.56112670898438,50.9354248046875,37.07450866699219,42.45376968383789,28.322702407836914,95.4926986694336,30.96030616760254,140.64999389648438,25.3557071685791,38.91999816894531,,,75.23090362548828,29.01215934753418,325.7101745605469,41.5993537902832,55.05465316772461,78.0794906616211,36.0125846862793,,4.8840155601501465,7.775825500488281,117.98246002197266,49.23099899291992,167.5,83.80999755859375,138.14366149902344,140.24295043945312,4.464405059814453,48.06060791015625,78.03594207763672,202.5821990966797,315.7357177734375,242.81259155273438,207.42999267578125,128.67835998535156,39.27385711669922,311.85748291015625,57.09806442260742,69.49565887451172,54.5336799621582,14.19662857055664,21.790355682373047,96.62692260742188,69.69939422607422,27.394290924072266,29.07455062866211,56.25232696533203,24.570331573486328,0.045531947165727615,0.7294052243232727,0.7590593695640564,0.15845097601413727,1.1799994707107544
2020-08-24,63.25865173339844,2.990000009536743,17.029165267944336,40.06349563598633,26.03019905090332,131.4145965576172,49.826026916503906,38.52970886230469,44.28520584106445,29.057680130004883,95.67108154296875,30.82769203186035,139.14999389648438,28.462175369262695,39.650001525878906,,,74.6836929321289,30.313228607177734,353.7496032714844,44.55402374267578,56.011837005615234,79.6611557006836,32.204803466796875,,5.089349746704102,8.192537307739258,119.12415313720703,52.388999938964844,175.8000030517578,85.55000305175781,133.6650848388672,138.43893432617188,4.464405059814453,50.903316497802734,81.19883728027344,217.69358825683594,319.1806945800781,245.43589782714844,218.5500030517578,130.28102111816406,41.39205551147461,322.0543212890625,59.7391471862793,71.56369018554688,55.7803955078125,14.358175277709961,22.73152732849121,97.69432830810547,71.83279418945312,28.31496238708496,29.617168426513672,58.74204635620117,24.42560386657715,0.045999426394701004,0.7371695637702942,0.7639069557189941,0.15997952222824097,1.1907994747161865
2020-08-31,63.8238410949707,2.5199999809265137,16.085060119628906,39.63435363769531,26.274599075317383,127.97264862060547,49.92333984375,38.868709564208984,41.324256896972656,29.031431198120117,93.34268188476562,31.233850479125977,140.33999633789062,28.70286750793457,34.77000045776367,,,72.859619140625,31.90703582763672,323.690673828125,45.32436752319336,54.869930267333984,79.0318832397461,28.461559295654297,,5.060016632080078,7.992517948150635,118.4288101196289,51.60499954223633,171.0500030517578,82.01000213623047,129.32528686523438,141.79330444335938,4.0242533683776855,52.33323669433594,78.3152847290039,203.75193786621094,317.531494140625,232.39817810058594,218.32000732421875,125.99880981445312,42.39716720581055,314.6960754394531,58.0661506652832,69.96155548095703,55.58534240722656,13.739561080932617,22.66878318786621,95.61377716064453,70.96666717529297,28.523000717163086,29.358015060424805,56.33818054199219,24.549652099609375,0.04639725387096405,0.733202338218689,0.7655795216560364,0.1591254472732544,1.1838901042938232
2020-09-07,63.9045524597168,2.450000047683716,16.33211326599121,38.64249038696289,25.949399948120117,127.73994445800781,49.164268493652344,38.4801139831543,37.42741012573242,29.197677612304688,91.1269302368164,32.949737548828125,144.6999969482422,28.108654022216797,34.16999816894531,,,71.1386489868164,31.621339797973633,318.99493408203125,44.94407653808594,55.81255340576172,80.7666244506836,29.236024856567383,,5.133349895477295,7.798397541046143,118.58334350585938,48.202999114990234,160.22999572753906,76.33999633789062,129.2288818359375,139.14366149902344,3.6829094886779785,50.40669250488281,75.07363891601562,194.03271484375,310.71490478515625,238.1465301513672,217.92999267578125,125.31192779541016,42.41377258300781,306.8785400390625,56.186378479003906,69.443359375,54.830501556396484,12.853010177612305,22.148895263671875,94.60971069335938,70.75697326660156,28.80185317993164,28.791093826293945,53.877079010009766,24.367712020874023,0.0470355823636055,0.7313898205757141,0.7588980793952942,0.1592508852481842,1.1849000453948975
2020-09-14,63.6058235168457,2.3499999046325684,16.09432029724121,38.6343879699707,24.309600830078125,124.71491241455078,51.24683380126953,40.3652458190918,39.299190521240234,29.75765037536621,92.14093780517578,34.474952697753906,147.0,27.988304138183594,37.099998474121094,,,71.46382141113281,31.623971939086914,323.93231201171875,49.47845458984375,54.539886474609375,82.36528015136719,33.43103790283203,,5.302017688751221,8.017834663391113,117.92234802246094,46.99599838256836,161.13999938964844,74.93000030517578,130.7894287109375,144.8563232421875,3.6739273071289062,48.3346061706543,71.87059783935547,190.5711212158203,307.81048583984375,237.16407775878906,218.2100067138672,126.49908447265625,42.24629592895508,304.9618835449219,55.20888137817383,68.40696716308594,54.016319274902344,13.243093490600586,22.122011184692383,95.46908569335938,71.82365417480469,29.089563369750977,28.83159065246582,53.304744720458984,24.198177337646484,0.04732966050505638,0.7357268929481506,0.757696270942688,0.159164696931839,1.184059739112854
2020-09-21,65.11565399169922,2.190000057220459,16.005455017089844,39.261905670166016,24.889999389648438,120.22583770751953,49.03776168823242,40.41382598876953,35.434627532958984,26.616519927978516,89.69047546386719,32.933162689208984,154.02999877929688,28.93604278564453,40.040000915527344,,,68.38668060302734,31.652353286743164,320.56988525390625,47.918235778808594,51.7669563293457,78.7427749633789,28.977869033813477,,4.7740159034729,7.688682556152344,118.1369400024414,48.28799819946289,156.02999877929688,78.05999755859375,123.81072235107422,141.18252563476562,3.395462989807129,45.60320281982422,71.27477264404297,197.6370391845703,313.8758544921875,231.44161987304688,210.4499969482422,123.5142593383789,40.797607421875,303.19097900390625,55.11847686767578,68.56704711914062,53.78340148925781,12.087238311767578,21.17115592956543,93.56005859375,70.00690460205078,27.77676773071289,28.247407913208008,54.464874267578125,24.489704132080078,0.04477718845009804,0.7273256182670593,0.7472612857818604,0.15624292194843292,1.163299322128296
2020-09-28,68.86998748779297,2.430000066757202,15.987679481506348,41.96221160888672,25.09600067138672,118.81997680664062,51.1787223815918,40.849639892578125,32.86093521118164,26.747764587402344,91.48372650146484,32.403472900390625,158.6300048828125,27.048091888427734,41.75,,,68.29945373535156,31.655012130737305,327.3817138671875,45.39263153076172,52.50021743774414,80.11184692382812,29.365100860595703,,5.052683353424072,7.950318813323975,118.566162109375,50.305999755859375,168.0800018310547,81.80000305175781,126.36199951171875,136.43763732910156,3.431394338607788,49.61039733886719,72.0939712524414,196.0868682861328,325.2643127441406,240.71478271484375,211.17999267578125,124.00608825683594,41.33354568481445,307.90399169921875,55.62709426879883,70.6395034790039,54.68776321411133,11.73879623413086,21.901195526123047,94.59541320800781,71.03197479248047,28.150327682495117,29.681373596191406,54.94289016723633,25.31131362915039,0.04625282809138298,0.7336218357086182,0.7514841556549072,0.1574307233095169,1.171760082244873
2020-10-05,72.51937103271484,2.430000066757202,15.987679481506348,42.85287857055664,25.639799118041992,121.1760025024414,56.093204498291016,42.718631744384766,35.20871353149414,27.412738800048828,99.94294738769531,34.38203811645508,160.72999572753906,28.67278289794922,46.349998474121094,,,69.55249786376953,33.41770935058594,340.8800048828125,48.64959716796875,52.94691467285156,85.02194213867188,28.2679443359375,,5.316684246063232,8.279471397399902,122.68663024902344,53.944000244140625,167.3300018310547,83.0999984741211,131.49082946777344,147.40260314941406,3.6200308799743652,48.2147331237793,74.81062316894531,205.23550415039062,338.50360107421875,246.41136169433594,215.67999267578125,128.01698303222656,42.547752380371094,319.9032897949219,56.82326889038086,73.07881164550781,56.086944580078125,12.33154582977295,22.73938751220703,98.40974426269531,73.86923217773438,29.577861785888672,30.088760375976562,57.44768142700195,26.47490692138672,0.047348301857709885,0.7437487840652466,0.7623113393783569,0.15897239744663239,1.1831897497177124
2020-10-12,73.89191436767578,2.25,16.90303611755371,43.184852600097656,26.79360008239746,122.95030975341797,54.565338134765625,43.1125373840332,32.449466705322266,25.61905860900879,100.21524810791016,33.7197265625,158.47000122070312,28.537391662597656,58.290000915527344,,,69.35010528564453,33.59071350097656,328.31427001953125,50.326839447021484,52.820499420166016,82.16173553466797,26.91263198852539,,5.6246843338012695,8.000954627990723,123.94853973388672,53.07899856567383,167.35000610351562,83.16999816894531,129.75489807128906,137.29263305664062,3.6200308799743652,46.4765625,77.64614868164062,208.89688110351562,349.5714416503906,247.9109344482422,211.91000366210938,125.58333587646484,41.89459228515625,320.3092041015625,57.24711227416992,72.8215103149414,56.45380783081055,12.091239929199219,22.52307891845703,98.01012420654297,74.68379211425781,29.47112464904785,29.420650482177734,57.897003173828125,26.691774368286133,0.0473301075398922,0.7363227605819702,0.7589787244796753,0.15745055675506592,1.172000527381897
2020-10-19,74.18257904052734,2.200000047683716,17.134096145629883,44.10789489746094,26.781600952148438,124.44344329833984,53.631099700927734,42.52585983276367,33.861366271972656,24.131608963012695,105.48230743408203,34.851531982421875,159.75,31.380599975585938,55.81999969482422,,,67.79864501953125,33.06464385986328,318.8440246582031,51.53599548339844,50.96625900268555,80.54440307617188,26.009090423583984,,5.984019756317139,8.000954627990723,122.90171813964844,48.827999114990234,167.36000061035156,81.95999908447266,133.980712890625,133.77862548828125,3.8625638484954834,48.17190933227539,80.8793716430664,205.63491821289062,343.2129211425781,243.8948211669922,212.7100067138672,123.15811920166016,42.304908752441406,318.9163513183594,58.49980163574219,72.88821411132812,55.78833770751953,12.171341896057129,22.757413864135742,97.91930389404297,74.29023742675781,29.35105323791504,29.02958106994629,56.61593246459961,27.00457000732422,0.04796047881245613,0.7366482615470886,0.7620208859443665,0.15941336750984192,1.186400055885315
2020-10-26,72.6081771850586,1.9900000095367432,15.436683654785156,40.978450775146484,24.029600143432617,117.5595474243164,44.57093811035156,40.07857131958008,31.150516510009766,24.15785789489746,98.86325073242188,34.10537338256836,163.35000610351562,28.379436492919922,51.970001220703125,,,68.40959930419922,31.016300201416016,279.2122497558594,49.08840560913086,52.96378707885742,78.22901916503906,24.847393035888672,,5.668686389923096,7.292011260986328,118.34407043457031,47.57400131225586,144.38999938964844,75.29000091552734,129.2989959716797,122.57869720458984,3.027172565460205,46.03989028930664,80.0438232421875,192.54917907714844,328.2853088378906,229.85586547851562,201.89999389648438,116.26416015625,40.24494171142578,301.17120361328125,55.75894546508789,68.11444854736328,53.117942810058594,11.5024995803833,21.5046329498291,92.324951171875,69.43946838378906,28.096960067749023,27.823747634887695,52.992591857910156,26.016143798828125,0.04684806242585182,0.7320161461830139,0.7510157823562622,0.15686027705669403,1.1678996086120605
2020-11-02,73.40748596191406,2.2200000286102295,16.22762680053711,42.47233200073242,26.523399353027344,123.58051300048828,45.45433807373047,44.83068084716797,30.7955265045166,23.912870407104492,105.67008209228516,33.36759948730469,168.97999572753906,29.943950653076172,64.47000122070312,,,74.63961029052734,33.765472412109375,303.3957214355469,53.78855514526367,57.43079376220703,83.344970703125,25.492780685424805,,5.712686061859131,7.756198406219482,123.63542938232422,51.472999572753906,157.74000549316406,85.87999725341797,133.89305114746094,134.1168670654297,3.1619129180908203,47.521183013916016,87.15714263916016,212.75790405273438,354.0251770019531,244.9635467529297,208.85000610351562,120.62273406982422,41.40890121459961,322.9561462402344,59.99738311767578,72.77864074707031,55.532386779785156,11.586604118347168,22.496042251586914,99.82648468017578,74.44585418701172,30.240478515625,29.02958106994629,58.11690139770508,26.74599266052246,0.04863576591014862,0.7420544624328613,0.7744073867797852,0.1593683958053589,1.1874594688415527
2020-11-09,73.1551513671875,2.4000000953674316,17.53400993347168,44.58909606933594,25.028600692749023,134.14877319335938,49.102378845214844,45.85316848754883,41.08221435546875,27.299482345581055,109.12530517578125,35.19527053833008,165.67999267578125,31.192556381225586,63.77000045776367,,,79.61559295654297,33.13383865356445,324.0870361328125,56.489688873291016,55.382713317871094,81.42969512939453,26.009090423583984,,6.2626872062683105,8.557985305786133,124.5417709350586,48.284000396728516,187.11000061035156,81.43000030517578,143.79122924804688,134.4659881591797,3.4224112033843994,56.76741409301758,87.7777328491211,205.9011993408203,347.76470947265625,238.87049865722656,227.4199981689453,127.10962677001953,44.75846862792969,330.2793273925781,60.3835563659668,73.10737609863281,57.61411666870117,13.56910514831543,24.3616943359375,101.82447052001953,78.4912109375,30.68964195251465,30.561309814453125,57.93526077270508,27.56342887878418,0.04904124140739441,0.7418232560157776,0.7624043226242065,0.1588587611913681,1.1838396787643433
2020-11-16,67.14775085449219,2.440000057220459,16.174299240112305,44.507415771484375,25.85140037536621,136.77627563476562,48.009925842285156,46.60747528076172,41.736244201660156,29.606098175048828,107.12938690185547,38.00386047363281,156.5,31.907119750976562,66.55000305175781,,,81.06255340576172,34.00587463378906,312.4499206542969,59.873416900634766,51.96080017089844,79.2845687866211,25.105548858642578,,6.409353256225586,8.83650016784668,120.24307250976562,48.82400131225586,199.6199951171875,84.63999938964844,139.1709442138672,137.4031219482422,3.5481698513031006,55.849708557128906,86.00065612792969,200.60487365722656,349.8576965332031,232.52748107910156,227.00999450683594,124.1078109741211,44.10529708862305,327.72442626953125,60.16691970825195,73.22171783447266,56.73534393310547,14.342082023620605,24.49689292907715,98.809326171875,79.31494903564453,31.023174285888672,30.096893310546875,57.41421127319336,26.49993133544922,0.049771055579185486,0.7444353699684143,0.7637669444084167,0.15920980274677277,1.1856896877288818
2020-11-23,69.12579345703125,2.700000047683716,17.409591674804688,45.54066848754883,25.955400466918945,142.65184020996094,50.15584182739258,49.01285934448242,46.49954605102539,34.26354217529297,107.0634765625,41.42445373535156,164.52000427246094,34.4870719909668,74.76000213623047,,,84.31824493408203,35.036712646484375,327.9950866699219,62.6330680847168,49.28901290893555,75.27521514892578,27.622556686401367,,6.66602087020874,9.469484329223633,119.64747619628906,49.13600158691406,216.5,87.19000244140625,145.21595764160156,139.24468994140625,3.7098584175109863,55.87568283081055,88.50878143310547,205.21983337402344,356.5313720703125,237.85342407226562,231.5500030517578,122.95513153076172,44.13042449951172,335.4165954589844,61.81519317626953,75.37992095947266,57.093685150146484,15.583642959594727,25.659547805786133,99.39055633544922,81.29183959960938,31.890357971191406,29.999126434326172,58.63315200805664,26.591678619384766,0.0499320924282074,0.7475517392158508,0.7696452140808105,0.1607639491558075,1.1964398622512817
2020-11-30,67.88037109375,2.9000000953674316,17.018564224243164,43.5885124206543,26.692399978637695,149.44847106933594,50.14607238769531,53.69791030883789,50.318382263183594,34.97055435180664,112.16621398925781,42.46405029296875,166.86000061035156,38.92488479614258,77.3499984741211,,,86.23950958251953,36.5208625793457,333.1026611328125,71.51655578613281,50.098140716552734,76.20308685302734,27.04170799255371,,6.8493547439575195,10.414749145507812,118.66344451904297,49.83100128173828,232.7100067138672,94.04000091552734,148.00502014160156,140.19857788085938,3.6200308799743652,55.581336975097656,90.3284683227539,204.39022827148438,351.7775573730469,228.752197265625,231.35000610351562,128.30880737304688,45.446990966796875,341.1164855957031,63.08671569824219,75.28939056396484,57.699440002441406,16.27251434326172,26.119205474853516,102.2059097290039,81.64878845214844,31.921485900878906,30.414661407470703,60.24882888793945,26.028650283813477,0.05060267448425293,0.7494566440582275,0.7825889587402344,0.1628810316324234,1.2124401330947876
2020-12-07,67.36751556396484,2.8299999237060547,16.24539566040039,41.9753303527832,26.0,170.3716278076172,49.833946228027344,54.27621078491211,48.4787712097168,34.79380798339844,112.9476318359375,41.131011962890625,179.11000061035156,38.42844772338867,82.41000366210938,,,85.48384857177734,36.001014709472656,316.7255859375,68.77643585205078,49.950836181640625,80.34860229492188,28.59063720703125,,6.614689350128174,10.220884323120117,117.83474731445312,50.321998596191406,230.3300018310547,91.6500015258789,156.83999633789062,151.14437866210938,3.6469790935516357,55.62461853027344,87.9035415649414,203.3413848876953,353.350830078125,229.2374267578125,226.38999938964844,130.59710693359375,45.02501678466797,337.8421630859375,63.049068450927734,74.46519470214844,57.43495178222656,16.46875762939453,25.650535583496094,101.42485046386719,81.2460708618164,31.530153274536133,29.55101776123047,59.41709899902344,25.95775604248047,0.049689196050167084,0.7481110692024231,0.7829627394676208,0.1628001630306244,1.2112505435943604
2020-12-14,67.79895782470703,2.7850000858306885,15.803126335144043,40.848148345947266,28.371400833129883,167.62779235839844,51.89207077026367,54.24269104003906,44.98020935058594,33.264888763427734,117.4572525024414,40.066280364990234,177.66000366210938,40.00800704956055,83.80999755859375,,,83.96453094482422,38.87906265258789,329.2138977050781,69.68329620361328,51.33388137817383,82.52780151367188,25.815473556518555,,6.563354969024658,10.33170223236084,120.01866149902344,53.44499969482422,219.75,95.91999816894531,149.70846557617188,161.87290954589844,3.5930826663970947,55.425498962402344,85.4974365234375,208.4235382080078,345.7204895019531,234.3499755859375,223.42999267578125,131.92910766601562,45.354156494140625,341.9499206542969,63.20917510986328,76.22319030761719,57.95537567138672,15.779894828796387,25.677574157714844,102.6236572265625,81.31016540527344,32.11271667480469,29.689523696899414,61.30525588989258,25.97860336303711,0.050189465284347534,0.7526719570159912,0.7820442914962769,0.16479487717151642,1.2259002923965454
2020-12-21,66.27677154541016,2.5999999046325684,16.75221061706543,38.9409294128418,28.250999450683594,168.4422149658203,52.23347473144531,53.30828094482422,45.727561950683594,32.53136444091797,119.85798645019531,39.65546798706055,170.94000244140625,37.54840850830078,84.9800033569336,,,83.0079345703125,38.601715087890625,325.0254211425781,68.82518005371094,51.316917419433594,83.68547058105469,27.428939819335938,,6.497353553771973,10.024823188781738,118.8792495727539,51.39699935913086,217.14999389648438,91.80999755859375,145.9838409423828,157.3964080810547,3.4942734241485596,54.99262237548828,85.89068603515625,212.39007568359375,343.44073486328125,234.7572021484375,226.52999877929688,130.187255859375,45.10096740722656,341.783203125,62.50825119018555,75.35736083984375,57.399620056152344,15.471437454223633,26.23212242126465,101.65154266357422,80.87452697753906,31.991594314575195,29.63670539855957,61.83611297607422,25.74391746520996,0.050334472209215164,0.7528419494628906,0.7769404053688049,0.1639828234910965,1.2284996509552002
2020-12-28,67.78266906738281,2.559999942779541,17.602802276611328,40.7746467590332,27.73419952392578,175.6654510498047,51.36534118652344,52.63927459716797,46.45847702026367,34.210514068603516,120.94068145751953,40.765464782714844,166.77999877929688,41.66279220581055,75.98999786376953,,,86.13500213623047,39.17341613769531,345.28143310546875,73.31082153320312,50.816307067871094,84.1706771850586,25.88001251220703,,6.446020603179932,10.101541519165039,120.10501098632812,54.073001861572266,214.05999755859375,91.70999908447266,150.467529296875,159.45526123046875,3.5122385025024414,55.944950103759766,86.80599975585938,212.07537841796875,354.9334411621094,230.1645965576172,231.8699951171875,134.37973022460938,46.282508850097656,346.30328369140625,63.65916442871094,76.74153900146484,58.027652740478516,15.382144927978516,26.71236228942871,103.4480209350586,81.3800048828125,32.35361862182617,30.17315673828125,62.296085357666016,26.370590209960938,0.05033421888947487,0.7570022940635681,0.7851142287254333,0.16413892805576324,1.2140003442764282
2021-01-04,64.45338439941406,2.7179999351501465,18.79363441467285,38.99809646606445,28.048799514770508,173.25125122070312,55.59864807128906,49.96329116821289,47.39471435546875,38.14326858520508,135.57106018066406,43.50797653198242,169.05999755859375,38.9775390625,79.1500015258789,,,86.23145294189453,39.87036895751953,342.7261657714844,75.4951171875,53.276939392089844,84.37084197998047,27.23532485961914,,6.600020885467529,10.127116203308105,119.80284118652344,51.040000915527344,209.89999389648438,94.58000183105469,149.24070739746094,157.1603240966797,3.5302040576934814,54.2653923034668,89.04419708251953,209.4056396484375,348.49005126953125,233.1714630126953,234.02999877929688,136.65093994140625,43.1092414855957,353.1389465332031,63.6685905456543,80.56478881835938,57.55447769165039,16.810773849487305,28.017168045043945,107.05010986328125,82.35416412353516,34.19498825073242,29.430376052856445,62.6506233215332,26.21497344970703,0.04997750744223595,0.7544664144515991,0.7884569764137268,0.16436825692653656,1.2230007648468018
2021-01-11,65.5034408569336,2.740000009536743,19.259225845336914,38.900081634521484,28.11479949951172,166.221923828125,53.52101516723633,51.24201583862305,47.879249572753906,40.26430130004883,130.0823211669922,45.404052734375,157.92999267578125,38.518714904785156,77.8499984741211,,,89.8831558227539,39.8891487121582,313.09783935546875,78.71306610107422,52.487831115722656,84.63868713378906,28.719715118408203,,7.208689212799072,10.689732551574707,116.34144592285156,49.79800033569336,204.32000732421875,88.20999908447266,151.3412628173828,180.16627502441406,3.664944887161255,55.62461853027344,85.56676483154297,202.7598114013672,341.1611328125,238.8037872314453,233.49000549316406,136.87301635742188,41.10062789916992,347.98907470703125,61.59316635131836,79.13764190673828,56.461883544921875,17.350576400756836,28.035293579101562,106.6671142578125,81.63733673095703,33.672061920166016,29.99158477783203,61.050350189208984,26.49256134033203,0.050543852150440216,0.7520493268966675,0.7857064008712769,0.16240620613098145,1.2081000804901123
2021-01-18,66.81401824951172,2.700000047683716,19.107011795043945,38.37732696533203,29.88360023498535,167.5211181640625,57.091033935546875,50.810123443603516,48.82369613647461,38.35538101196289,141.1351318359375,44.608375549316406,160.66000366210938,38.14262008666992,83.47000122070312,,,90.15968322753906,41.604248046875,318.64776611328125,80.23426818847656,52.394508361816406,82.41558837890625,30.07502555847168,,8.448027610778809,10.34875202178955,112.89221954345703,56.516998291015625,205.83999633789062,92.79000091552734,147.9608612060547,194.6819610595703,3.7727372646331787,54.603023529052734,93.73602294921875,215.44122314453125,341.29296875,246.0912322998047,232.9199981689453,139.64796447753906,40.92339324951172,354.63934326171875,64.94215393066406,81.19007110595703,55.9801139831543,17.074588775634766,27.491621017456055,107.23249053955078,81.34322357177734,33.24300765991211,30.38773536682129,63.642433166503906,26.429473876953125,0.050105974078178406,0.7538408041000366,0.789590060710907,0.16362996399402618,1.217599630355835
2021-01-25,65.86161804199219,2.490000009536743,17.880369186401367,38.93276596069336,29.600000381469727,163.05145263671875,54.06724548339844,55.99274444580078,46.343509674072266,36.570167541503906,131.6451416015625,41.620384216308594,150.14999389648438,42.44504165649414,76.66000366210938,,,83.34443664550781,40.305171966552734,306.34698486328125,76.32398223876953,50.57023620605469,77.84437561035156,27.10624885559082,,7.722024917602539,10.519244194030762,111.3377914428711,53.23899841308594,194.19000244140625,85.63999938964844,138.86117553710938,196.4102325439453,4.096114158630371,52.46462631225586,90.50675964355469,221.17169189453125,331.9952392578125,234.6705322265625,227.8699951171875,139.28939819335938,40.636444091796875,342.77435302734375,63.0931396484375,77.3286361694336,55.13701248168945,15.958471298217773,26.23212242126465,104.89797973632812,77.90605926513672,31.571489334106445,30.338218688964844,61.773841857910156,26.13926887512207,0.04859818518161774,0.7529553771018982,0.7827175855636597,0.16318272054195404,1.213900089263916
2021-02-01,66.90355682373047,2.680000066757202,18.84735679626465,39.46367645263672,30.13759994506836,175.64605712890625,56.671607971191406,58.80424880981445,50.687950134277344,38.12559509277344,142.06716918945312,45.33633804321289,152.72000122070312,44.934730529785156,85.55999755859375,,,88.42741394042969,41.692832946777344,328.1009216308594,79.08361053466797,50.31568908691406,78.0943603515625,30.07502555847168,,8.440695762634277,11.201202392578125,112.51883697509766,55.07899856567383,207.92999267578125,87.9000015258789,144.659912109375,190.5548858642578,3.7907028198242188,55.425498962402344,103.45703125,230.93539428710938,335.2369689941406,241.63734436035156,235.16000366210938,140.41644287109375,41.90238571166992,359.1131591796875,67.36662292480469,82.20670318603516,56.5737190246582,17.273466110229492,27.9899845123291,105.48160552978516,81.78435516357422,32.863121032714844,31.31208038330078,64.83545684814453,26.744909286499023,0.04974815249443054,0.750750720500946,0.7844798564910889,0.16204987466335297,1.204949975013733
2021-02-08,64.57952117919922,2.799999952316284,19.098054885864258,39.14034652709961,30.554000854492188,181.95791625976562,61.812034606933594,61.149959564208984,53.98726272583008,39.47819137573242,152.54379272460938,47.410152435302734,160.6699981689453,49.31989669799805,85.94999694824219,,,84.93844604492188,43.50991439819336,330.2801818847656,85.82183074951172,50.01022720336914,77.02298736572266,33.43103790283203,,8.396693229675293,12.258240699768066,110.825439453125,55.652000427246094,210.97999572753906,93.7699966430664,155.4542694091797,196.58558654785156,3.7457892894744873,58.446964263916016,103.76409912109375,233.59568786621094,332.9528503417969,240.46751403808594,242.4600067138672,142.23516845703125,42.780086517333984,363.6795654296875,68.86663055419922,81.29507446289062,56.51350784301758,18.12982749938965,28.560842514038086,106.94979858398438,82.9883041381836,33.22513961791992,31.666955947875977,66.4021987915039,26.33694076538086,0.05019526183605194,0.7550589442253113,0.7876496315002441,0.1629938781261444,1.2122005224227905
2021-02-15,64.96562957763672,3.049999952316284,20.512727737426758,38.43500518798828,29.46179962158203,178.06027221679688,59.07112503051758,61.937538146972656,59.64952087402344,40.7241325378418,156.29840087890625,47.82491683959961,158.55999755859375,51.8095817565918,82.16999816894531,,,85.40202331542969,43.835567474365234,322.69635009765625,88.69847106933594,48.084144592285156,77.7282943725586,30.655874252319336,,8.492027282714844,12.04512882232666,110.39124298095703,54.02199935913086,217.47000122070312,89.58000183105469,160.7499542236328,190.54452514648438,3.6559622287750244,59.74343490600586,103.45603942871094,230.2918243408203,334.8594665527344,242.31329345703125,241.85000610351562,139.1613006591797,42.29059982299805,361.26202392578125,68.37606811523438,80.9609375,55.868282318115234,18.742677688598633,29.367290496826172,104.33260345458984,83.6132583618164,33.54246520996094,31.43586540222168,65.18521881103516,25.82803726196289,0.048971403390169144,0.7553440928459167,0.7929584980010986,0.162977933883667,1.2118803262710571
2021-02-22,61.490631103515625,2.700000047683716,15.444981575012207,35.8075065612793,28.84000015258789,183.28622436523438,60.41719436645508,62.013763427734375,64.19432067871094,40.29694747924805,151.1758575439453,45.67491912841797,154.97000122070312,51.546321868896484,73.97000122070312,,,87.62226104736328,42.03816223144531,342.7261657714844,89.2542953491211,46.14109420776367,76.73727416992188,27.170785903930664,,8.580028533935547,12.411684036254883,107.273681640625,53.8849983215332,212.00999450683594,84.51000213623047,156.20680236816406,194.30953979492188,3.521221399307251,59.31539535522461,100.14257049560547,222.0824737548828,312.4234619140625,223.8563690185547,240.50999450683594,136.1455841064453,41.34537124633789,352.3052673339844,67.51759338378906,76.91816711425781,54.457366943359375,19.542224884033203,29.276674270629883,102.69113159179688,83.2732162475586,32.8720703125,30.816896438598633,62.61708068847656,24.545259475708008,0.047937601804733276,0.7506943941116333,0.7850094437599182,0.16235874593257904,1.2073606252670288
2021-03-01,64.8177490234375,2.7799999713897705,15.955338478088379,36.76445388793945,26.645599365234375,184.20730590820312,68.1619873046875,62.140785217285156,65.90382385253906,41.934452056884766,150.31739807128906,46.208187103271484,146.91000366210938,51.20032501220703,67.02999877929688,,,86.77643585205078,40.272972106933594,349.5352783203125,86.71895599365234,48.614280700683594,79.96034240722656,26.589937210083008,,8.998030662536621,12.275290489196777,109.40126037597656,51.638999938964844,223.22000122070312,78.5199966430664,164.82034301757812,196.23471069335938,3.485290288925171,61.37701416015625,103.86514282226562,221.33705139160156,299.5112609863281,219.67977905273438,253.14999389648438,134.117919921875,42.86448669433594,355.3341064453125,69.2156753540039,74.85140991210938,55.66178894042969,21.49036407470703,30.545236587524414,103.06503295898438,85.87405395507812,33.65865707397461,30.404247283935547,61.78340148925781,25.100427627563477,0.04692621901631355,0.7452675700187683,0.790513813495636,0.16024357080459595,1.1917601823806763
2021-03-08,66.57579803466797,2.640000104904175,16.474647521972656,39.49920654296875,29.064800262451172,191.15908813476562,72.93675231933594,65.02000427246094,68.73078155517578,43.838958740234375,160.2888641357422,49.45858383178711,149.25,51.50118637084961,76.30000305175781,,,88.01263427734375,40.36511993408203,370.678955078125,85.58778381347656,50.542057037353516,83.06733703613281,27.558019638061523,,9.804699897766113,13.587339401245117,111.27699279785156,51.801998138427734,269.19000244140625,81.05000305175781,173.2384796142578,197.3347930908203,3.7907028198242188,64.74898529052734,101.53384399414062,225.30313110351562,312.5555725097656,238.12905883789062,260.0199890136719,137.12503051757812,42.855350494384766,364.9947814941406,70.46090698242188,79.60062408447266,56.90924835205078,21.74199676513672,31.505727767944336,104.5058364868164,88.9344253540039,35.16929626464844,32.211647033691406,62.962059020996094,26.24861717224121,0.04829051345586777,0.7441195845603943,0.8016032576560974,0.16075362265110016,1.1954801082611084
2021-03-15,68.73639678955078,2.8299999237060547,15.615752220153809,40.60465621948242,28.423999786376953,185.32229614257812,71.55929565429688,63.19932556152344,61.45908737182617,42.868892669677734,156.5059356689453,48.239688873291016,144.5,53.08827590942383,71.69000244140625,,,84.1089096069336,42.780635833740234,345.3025817871094,88.2596664428711,53.0610237121582,81.19242858886719,26.977169036865234,,9.408698081970215,13.131850242614746,111.16411590576172,51.21799850463867,255.82000732421875,79.05999755859375,175.16542053222656,174.77328491210938,3.6110482215881348,61.77885055541992,100.39269256591797,220.14242553710938,310.4508361816406,252.08030700683594,250.99000549316406,137.5030517578125,43.23827362060547,361.9342346191406,71.14016723632812,79.44789123535156,57.10711669921875,20.102312088012695,31.007354736328125,104.93445587158203,88.6587142944336,34.86091613769531,31.889780044555664,62.0948486328125,26.16029930114746,0.04880191385746002,0.7453786730766296,0.7992327809333801,0.16009476780891418,1.1950000524520874
2021-03-22,69.82080841064453,2.619999885559082,15.227619171142578,40.60465621948242,28.90959930419922,180.2611846923828,73.33728790283203,64.94945526123047,60.96709442138672,41.11569595336914,156.93988037109375,47.43555450439453,130.80999755859375,50.606109619140625,67.56999969482422,,41.630001068115234,86.19088745117188,43.4640998840332,354.62982177734375,85.80231475830078,52.69260025024414,85.04043579101562,23.75023651123047,,9.020029067993164,13.759223937988281,117.62500762939453,50.80500030517578,244.8699951171875,77.41000366210938,180.40463256835938,175.7406005859375,3.6469790935516357,64.11128234863281,100.2822494506836,226.00079345703125,332.2637939453125,264.90667724609375,256.7699890136719,141.70445251464844,45.1359748840332,367.9744873046875,68.31730651855469,79.38764190673828,59.31881332397461,20.684751510620117,31.281312942504883,107.08307647705078,90.63703155517578,35.76664352416992,33.26680374145508,63.69994354248047,26.893762588500977,0.048601727932691574,0.7432733774185181,0.793336033821106,0.15859924256801605,1.1826006174087524
2021-03-29,70.27265930175781,2.6700000762939453,15.994860649108887,41.09964370727539,28.76919937133789,183.21835327148438,74.29468536376953,67.05974578857422,62.79335403442383,40.85761642456055,157.92103576660156,46.511566162109375,130.39999389648438,53.6824951171875,71.79000091552734,,43.79999923706055,88.2566146850586,42.91498565673828,351.879150390625,90.1124267578125,52.958213806152344,85.30829620361328,24.266544342041016,,8.924696922302246,13.492804527282715,116.6089859008789,53.94200134277344,252.9600067138672,81.08999633789062,181.35470581054688,175.6742401123047,3.5930826663970947,63.98899459838867,105.48523712158203,231.61068725585938,335.0198974609375,268.3420715332031,258.20001220703125,139.9001922607422,44.68495178222656,372.2769470214844,70.48147583007812,80.99394989013672,58.799842834472656,20.635534286499023,31.372323989868164,106.5065689086914,91.06107330322266,35.6768798828125,33.44184112548828,65.04913330078125,27.109867095947266,0.04926108568906784,0.7438428401947021,0.7974990606307983,0.15811526775360107,1.1760306358337402
2021-04-05,70.56016540527344,2.7699999809265137,15.79627799987793,41.718353271484375,30.628400802612305,182.1712188720703,77.45989990234375,68.80268096923828,59.282588958740234,40.94660949707031,155.7512664794922,46.87860107421875,125.61000061035156,54.85587692260742,70.87999725341797,,40.209999084472656,87.45960235595703,43.73910903930664,368.568603515625,92.93058013916016,52.701171875,85.51277923583984,23.42754364013672,,9.174030303955078,13.570152282714844,118.42393493652344,55.53099822998047,252.36000061035156,82.76000213623047,183.69903564453125,174.96298217773438,3.7098584175109863,65.61381530761719,112.46334075927734,244.51248168945312,342.82568359375,278.3520812988281,266.010009765625,138.54269409179688,45.25511169433594,382.3875427246094,72.69287109375,84.13005828857422,59.6129035949707,19.76597785949707,31.991220474243164,107.93409729003906,92.65587615966797,35.928226470947266,33.62523651123047,68.06922149658203,27.465791702270508,0.049635183066129684,0.7450788021087646,0.7982757687568665,0.16002559661865234,1.1901800632476807
2021-04-12,72.74541473388672,2.5999999046325684,16.067075729370117,43.986995697021484,30.7007999420166,181.56039428710938,79.06204986572266,70.1184310913086,60.45841979980469,42.10354995727539,155.34555053710938,47.817535400390625,121.94999694824219,51.817108154296875,74.23999786376953,,44.869998931884766,88.82756805419922,43.171051025390625,374.4742126464844,88.40594482421875,56.04264831542969,88.26548767089844,21.68499755859375,,8.968694686889648,13.707656860351562,119.18814086914062,54.65399932861328,248.17999267578125,82.1500015258789,184.7557373046875,179.47715759277344,3.7547709941864014,66.12049865722656,113.06163787841797,249.1857452392578,349.91436767578125,286.0688781738281,272.1099853515625,139.39328002929688,45.68060302734375,387.7494201660156,72.61727905273438,85.9897232055664,60.38270568847656,19.852115631103516,32.21875,111.16433715820312,93.23664093017578,37.09965133666992,34.508785247802734,68.80381774902344,28.478490829467773,0.05022601783275604,0.7497376203536987,0.7997441291809082,0.16114217042922974,1.198230504989624
2021-04-19,72.0470962524414,2.690000057220459,15.787251472473145,44.0158805847168,29.3705997467041,177.449462890625,78.76895904541016,76.16738891601562,58.52374267578125,42.11244583129883,157.84555053710938,45.96526336669922,132.07000732421875,51.20032501220703,82.72000122070312,,41.400001525878906,91.6839370727539,42.029544830322266,375.33721923828125,83.89106750488281,56.30826950073242,90.0529556274414,22.84669303894043,,8.961363792419434,14.111579895019531,117.05789184570312,50.55500030517578,238.3800048828125,82.76000213623047,183.0419464111328,178.9745635986328,3.7727372646331787,65.90211486816406,113.91253662109375,249.57757568359375,352.3306579589844,282.41534423828125,271.9800109863281,142.2113800048828,46.352874755859375,387.2662353515625,72.24869537353516,85.00971984863281,60.17511749267578,19.499364852905273,32.20054244995117,113.17753601074219,93.62383270263672,37.211849212646484,35.2089729309082,68.51573181152344,28.2115478515625,0.050431184470653534,0.7540909647941589,0.801796019077301,0.16268892586231232,1.2097500562667847
2021-04-26,72.8768539428711,2.6600000858306885,15.227619171142578,45.080074310302734,29.840599060058594,180.358154296875,80.45903778076172,79.32001495361328,61.67591094970703,43.278289794921875,156.39276123046875,47.109066009521484,144.97000122070312,53.125885009765625,84.73999786376953,,43.56999969482422,91.78271484375,41.13418960571289,370.4886474609375,83.93006896972656,53.4722900390625,90.03504943847656,22.20130729675293,,8.462695121765137,13.767818450927734,116.60342407226562,51.34700012207031,234.30999755859375,81.62000274658203,188.53857421875,173.33180236816406,4.203906536102295,65.54393005371094,116.5657958984375,241.00509643554688,351.9598083496094,282.2235412597656,274.95001220703125,139.81427001953125,45.93588638305664,387.7866516113281,73.76075744628906,85.53556060791016,60.18376159667969,20.2581787109375,33.00146484375,111.02706909179688,93.96490478515625,37.270198822021484,35.6507453918457,67.07532501220703,28.270870208740234,0.049447912722826004,0.752162516117096,0.8139345645904541,0.16166214644908905,1.202060341835022
2021-05-03,72.23473358154297,2.740000009536743,14.487444877624512,45.06824493408203,28.520999908447266,179.2140350341797,84.86495208740234,78.22640991210938,67.12134552001953,49.036258697509766,161.6284637451172,52.40126037597656,132.89999389648438,53.89309310913086,71.62000274658203,,42.29999923706055,95.28116607666016,40.807777404785156,364.0304870605469,83.84230041503906,57.687705993652344,94.00328063964844,20.845993041992188,,8.66802978515625,14.16314697265625,118.1153793334961,50.38399887084961,235.47000122070312,78.80999755859375,192.68553161621094,185.3285675048828,4.581180572509766,65.25566101074219,116.48802947998047,241.27268981933594,363.52813720703125,295.8085021972656,290.92999267578125,144.77174377441406,46.38690185546875,392.2657775878906,73.97813415527344,84.91410827636719,61.10063171386719,21.99728775024414,34.384864807128906,113.53441619873047,97.11767578125,39.43800735473633,35.31732177734375,66.75363159179688,27.982738494873047,0.05026135966181755,0.7552299499511719,0.824381947517395,0.1635991781949997,1.2163896560668945
2021-05-10,71.87850189208984,2.7899999618530273,14.785320281982422,44.59805679321289,27.12420082092285,168.4131317138672,81.11221313476562,84.33082580566406,68.57789611816406,48.63224411010742,157.30923461914062,51.675716400146484,132.17999267578125,54.058570861816406,72.30000305175781,,37.22999954223633,95.84092712402344,39.819541931152344,352.88836669921875,77.71842956542969,60.6179084777832,95.71924591064453,20.845993041992188,,8.682696342468262,13.974078178405762,120.61489868164062,49.33700180053711,228.47000122070312,74.58999633789062,191.99290466308594,186.90000915527344,4.40152645111084,64.48941040039062,112.84519958496094,237.1536407470703,363.6227111816406,282.18865966796875,290.67999267578125,146.24952697753906,46.57413864135742,387.1175231933594,72.85350799560547,81.625,61.33417892456055,21.939865112304688,34.47587585449219,112.96707153320312,96.546142578125,39.45595932006836,34.96723556518555,65.28922271728516,27.927654266357422,0.05035474896430969,0.7510157823562622,0.8262004256248474,0.16333730518817902,1.2146196365356445
2021-05-17,71.787353515625,3.180000066757202,15.056112289428711,44.373348236083984,26.600000381469727,167.15269470214844,79.13602447509766,80.84465789794922,65.19163513183594,46.8333740234375,152.28964233398438,51.18063735961914,137.22999572753906,54.4120979309082,74.80000305175781,,42.970001220703125,95.58573150634766,40.68696212768555,356.4666442871094,78.71306610107422,62.99980926513672,88.60509490966797,21.49138069152832,,9.775364875793457,13.948290824890137,120.60615539550781,49.78900146484375,234.82000732421875,77.16999816894531,189.73741149902344,190.39588928222656,4.536267280578613,64.54225158691406,113.62528228759766,234.84674072265625,360.1229248046875,275.3350830078125,287.739990234375,146.88531494140625,46.48051452636719,385.5935363769531,72.63616180419922,80.57803344726562,61.429298400878906,21.394344329833984,34.202850341796875,113.7997817993164,94.98817443847656,38.86800765991211,35.292327880859375,65.39004516601562,28.03358268737793,0.05014542490243912,0.7522755861282349,0.8296483159065247,0.16382700204849243,1.2181603908538818
2021-05-24,71.24884033203125,3.5799999237060547,14.595762252807617,43.799129486083984,27.439599990844727,173.21243286132812,81.10244750976562,82.41988372802734,67.89387512207031,47.585140228271484,155.62657165527344,53.049983978271484,134.3800048828125,56.585872650146484,82.05999755859375,,42.040000915527344,93.18209075927734,42.58857727050781,349.65924072265625,82.04804992675781,62.956974029541016,88.55149841308594,22.524002075195312,,10.655366897583008,13.716253280639648,117.85321044921875,50.28099822998047,247.02000427246094,80.08000183105469,193.0270538330078,190.26260375976562,4.635076999664307,65.8545913696289,116.7317123413086,239.16683959960938,357.805419921875,278.0730895996094,289.44000244140625,146.32339477539062,47.05067443847656,390.33282470703125,74.46009826660156,82.62892150878906,61.24765396118164,21.41485023498535,34.57598876953125,113.10432434082031,96.90565490722656,39.16422653198242,36.059181213378906,66.4511489868164,27.6098575592041,0.050229549407958984,0.7565898895263672,0.8282259702682495,0.16397474706172943,1.2192906141281128
2021-05-31,71.2737045288086,4.019999980926514,15.706018447875977,44.07374954223633,26.52680015563965,171.78721618652344,84.37980651855469,85.32073211669922,70.29212188720703,49.545101165771484,158.74609375,55.081504821777344,130.36000061035156,58.04508590698242,83.08000183105469,,40.06999969482422,92.49063873291016,42.829322814941406,354.93450927734375,81.677490234375,61.67636489868164,89.69546508789062,23.04030990600586,,11.711371421813965,13.939701080322266,118.81454467773438,49.4739990234375,249.9199981689453,81.58000183105469,198.41943359375,192.43435668945312,4.922523498535156,67.33426666259766,118.5504150390625,240.2301025390625,366.554931640625,272.6067810058594,292.5199890136719,143.4876708984375,47.85912322998047,392.71185302734375,74.83811950683594,81.76362609863281,61.86178970336914,22.86684226989746,35.01286315917969,111.72254943847656,97.10846710205078,39.45595932006836,37.14279556274414,67.22897338867188,27.707313537597656,0.05012757331132889,0.7550930976867676,0.8278419971466064,0.16362595558166504,1.2166900634765625
2021-06-07,70.22154998779297,3.7699999809265137,16.816268920898438,45.33040237426758,27.336000442504883,171.9811248779297,82.13945007324219,83.2978744506836,68.64543914794922,48.148963928222656,156.2220916748047,55.39733123779297,130.25,56.247398376464844,94.0,,41.369998931884766,95.00951385498047,42.441593170166016,354.4302062988281,77.36738586425781,60.69232177734375,83.6537857055664,23.75023651123047,,11.20536994934082,13.656092643737793,117.86193084716797,48.87699890136719,247.27999877929688,81.30999755859375,197.30345153808594,213.45716857910156,4.877609729766846,70.17912292480469,120.36465454101562,247.03115844726562,361.1727600097656,272.3963623046875,286.82000732421875,142.61451721191406,47.79102325439453,394.30084228515625,75.42402648925781,82.80581665039062,61.360107421875,22.7150821685791,34.18463897705078,113.9736557006836,95.42146301269531,38.652565002441406,37.876312255859375,68.16523742675781,28.01239585876465,0.05035931244492531,0.7549620270729065,0.8237503170967102,0.16282932460308075,1.210939645767212
2021-06-14,68.22492218017578,3.740000009536743,15.898880958557129,43.02101135253906,27.992599487304688,167.17208862304688,75.56513977050781,73.42472076416016,64.19518280029297,43.67415237426758,145.4456024169922,49.53321838378906,140.9499969482422,52.25336456298828,101.68000030517578,,47.0,93.11626434326172,41.792396545410156,356.2921142578125,75.03678131103516,54.05422592163086,82.50088500976562,23.298463821411133,,10.64803409576416,12.514062881469727,115.3886489868164,50.07699966430664,237.35000610351562,84.6500015258789,184.96531677246094,208.1800537109375,4.581180572509766,69.14864349365234,118.97882843017578,248.50631713867188,360.2742004394531,265.24395751953125,274.0400085449219,140.0381622314453,46.10197067260742,386.8363342285156,74.26166534423828,82.30386352539062,59.50910186767578,21.488683700561523,32.064022064208984,113.23242950439453,91.82621765136719,36.23790740966797,36.95107650756836,68.22285461425781,27.16071128845215,0.048403650522232056,0.7449011206626892,0.8021626472473145,0.1595367044210434,1.18647038936615
2021-06-21,70.22982025146484,3.859999895095825,16.736141204833984,42.26787567138672,30.375,172.92161560058594,77.6294174194336,74.45765686035156,69.32099151611328,45.93840789794922,152.0911102294922,52.12811279296875,140.35000610351562,53.21615219116211,104.83999633789062,,51.220001220703125,93.0009994506836,42.00142288208008,368.11285400390625,79.9905014038086,54.10602569580078,86.5584487915039,23.36300277709961,,11.139368057250977,12.765213012695312,117.91437530517578,52.707000732421875,248.3800048828125,85.62000274658203,190.41119384765625,219.29632568359375,4.895574569702148,74.00164794921875,121.3537368774414,253.8608856201172,373.166748046875,274.9031677246094,278.3800048828125,141.96609497070312,46.57353973388672,397.73516845703125,76.3548812866211,85.18846130371094,60.661746978759766,22.930652618408203,33.7443962097168,115.47486877441406,94.65045928955078,37.02178955078125,37.492191314697266,69.8582992553711,27.320417404174805,0.05048567056655884,0.7450454235076904,0.8145909309387207,0.16051751375198364,1.1936707496643066
2021-06-28,70.58607482910156,4.03000020980835,17.32769203186035,42.36357116699219,31.32740020751953,171.71934509277344,75.99562072753906,74.91384887695312,65.92631530761719,46.17110061645508,156.1654052734375,52.33682632446289,133.83999633789062,52.809974670410156,106.0199966430664,,56.09000015258789,94.80372619628906,42.543922424316406,363.6716003417969,78.33277130126953,54.69300842285156,88.45315551757812,22.394922256469727,,10.948701858520508,12.739228248596191,118.7708511352539,53.39799880981445,236.67999267578125,94.69999694824219,189.24169921875,222.8588409423828,4.841679573059082,74.7943344116211,124.07682800292969,265.9591064453125,377.35723876953125,282.85321044921875,279.1199951171875,146.08995056152344,46.45349884033203,404.3639831542969,77.76553344726562,86.72533416748047,60.879398345947266,22.661317825317383,33.75352478027344,117.85417938232422,95.51974487304688,37.35987091064453,37.517364501953125,72.08543395996094,27.337491989135742,0.050613947212696075,0.7426109910011292,0.8119518756866455,0.15958380699157715,1.187000036239624
2021-07-05,70.74349212646484,3.8399999141693115,17.582509994506836,42.825443267822266,31.844999313354492,171.65147399902344,76.23040771484375,75.7143783569336,61.0538215637207,45.33877944946289,153.74542236328125,52.65510940551758,126.05000305175781,52.779884338378906,108.97000122070312,,57.439998626708984,95.96438598632812,43.63531494140625,362.0710144042969,76.7823257446289,55.22820281982422,89.13308715820312,23.75023651123047,,10.618700981140137,12.626646995544434,119.75843811035156,53.597999572753906,239.58999633789062,90.9000015258789,184.10821533203125,223.8399658203125,4.913540840148926,76.124267578125,124.33536529541016,266.2369689941406,390.060546875,282.3185119628906,280.489990234375,146.7556610107422,46.69355392456055,406.0420837402344,77.29216766357422,87.37171173095703,61.070926666259766,21.898897171020508,33.54336929321289,118.2400131225586,95.70470428466797,37.40495681762695,38.515689849853516,72.72998046875,27.585161209106445,0.05034993216395378,0.7403568625450134,0.8034709692001343,0.15970614552497864,1.187799334526062
2021-07-12,72.48328399658203,3.640000104904175,17.118370056152344,43.574440002441406,31.209800720214844,173.8523712158203,71.8377685546875,72.70166015625,54.78799057006836,42.20641326904297,147.50636291503906,51.072265625,121.04000091552734,48.28942108154297,102.66000366210938,,48.52000045776367,97.79998779296875,42.53483200073242,375.8377380371094,73.14503479003906,53.28597640991211,86.04656982421875,18.716217041015625,,9.980697631835938,12.003108978271484,122.7998046875,53.03099822998047,217.74000549316406,85.88999938964844,179.21580505371094,221.42999267578125,5.102179050445557,78.98674011230469,125.77318572998047,268.9286193847656,388.1687316894531,281.8364562988281,277.8999938964844,145.3291473388672,48.35691452026367,402.14501953125,76.55369567871094,85.22675323486328,61.845726013183594,20.171016693115234,33.004268646240234,118.1573486328125,94.24359130859375,36.55299758911133,38.784156799316406,72.29708862304688,28.29827308654785,0.05030636489391327,0.7370826601982117,0.7936444878578186,0.158742755651474,1.1805803775787354
2021-07-19,71.23230743408203,4.090000152587891,17.382293701171875,42.750545501708984,36.61840057373047,170.77886962890625,73.74549865722656,73.57965850830078,53.79998779296875,42.340660095214844,149.95472717285156,50.865814208984375,115.66000366210938,47.9509391784668,117.23999786376953,,54.619998931884766,98.37429809570312,43.905189514160156,381.79876708984375,74.05192565917969,51.88758087158203,84.74935913085938,19.16798973083496,,10.134698867797852,12.210955619812012,122.93893432617188,51.54100036621094,221.52000427246094,92.1500015258789,181.90309143066406,232.56532287597656,5.1650567054748535,77.29568481445312,131.7611846923828,277.4729919433594,400.522216796875,291.7412109375,278.489990234375,148.51930236816406,48.879920959472656,410.1629333496094,79.05311584472656,87.74515533447266,62.15914535522461,20.104724884033203,33.1321907043457,120.78468322753906,95.81568145751953,36.841487884521484,38.82610321044922,74.32698059082031,28.05915069580078,0.04989970475435257,0.7354563474655151,0.7960516214370728,0.15831802785396576,1.1771602630615234
2021-07-26,73.00521087646484,4.760000228881836,17.427797317504883,42.825443267822266,37.268798828125,170.6625213623047,73.12916564941406,75.66273498535156,56.55290222167969,42.286964416503906,151.9020538330078,51.09808349609375,118.19000244140625,48.838504791259766,118.62999725341797,,51.5,96.80116271972656,44.10966110229492,374.6921081542969,75.65113830566406,54.22687530517578,85.1340560913086,20.394222259521484,,10.230034828186035,12.557366371154785,125.08478546142578,51.75699996948242,226.47999572753906,106.19000244140625,183.13510131835938,231.94618225097656,5.461486339569092,76.50298309326172,133.45657348632812,272.9134826660156,407.2339172363281,287.665283203125,278.2900085449219,148.87376403808594,48.89706039428711,408.8297424316406,78.01168823242188,86.3853988647461,62.25490188598633,20.4652156829834,33.369754791259766,121.40017700195312,95.58448028564453,37.873756408691406,38.910003662109375,73.78822326660156,28.1701717376709,0.05033041909337044,0.7389180660247803,0.8041688203811646,0.1595570594072342,1.186760425567627
2021-08-02,74.0159683227539,4.630000114440918,16.890853881835938,44.14449691772461,37.74300003051758,171.7387237548828,74.60640716552734,79.32107543945312,56.9649543762207,41.33830261230469,162.07359313964844,51.18410110473633,123.7300033569336,51.719322204589844,118.81999969482422,,54.0,95.26133728027344,44.112388610839844,363.6145935058594,79.96125030517578,51.637237548828125,86.70861053466797,20.071531295776367,,10.120033264160156,12.87779426574707,124.36360931396484,52.05500030517578,231.3300018310547,110.11000061035156,183.53683471679688,250.94004821777344,5.479450702667236,75.02330780029297,134.4590301513672,277.2718811035156,416.6252746582031,289.111572265625,285.6300048828125,149.66049194335938,48.562686920166016,412.5403137207031,78.40931701660156,86.66307830810547,61.758670806884766,20.514936447143555,34.59416580200195,122.12593078613281,95.75093841552734,37.9278564453125,39.20363235473633,74.49051666259766,28.80215835571289,0.04992586001753807,0.738476037979126,0.7971430420875549,0.15814776718616486,1.1763806343078613
2021-08-09,74.92655944824219,4.670000076293945,16.74524688720703,46.124755859375,37.75619888305664,175.56849670410156,74.74139404296875,77.76304626464844,56.75081253051758,43.56482696533203,163.9169158935547,54.71967315673828,121.0,47.49964141845703,121.75,,53.470001220703125,96.95100402832031,44.17871856689453,352.1778869628906,69.15672302246094,50.791297912597656,85.99290466308594,18.84529685974121,,9.966032028198242,12.973054885864258,126.3248291015625,51.59199905395508,234.4600067138672,110.55000305175781,183.8582763671875,252.4861297607422,5.497416019439697,75.5032730102539,136.4292755126953,280.5190734863281,424.3868103027344,290.4088439941406,287.8900146484375,152.3751220703125,49.06854248046875,415.73822021484375,78.75961303710938,86.92642211914062,63.12547302246094,20.477642059326172,35.2520637512207,122.8149185180664,97.10112762451172,38.9691276550293,39.21202087402344,74.55306243896484,29.327383041381836,0.05034384876489639,0.7382797598838806,0.7993221879005432,0.15863069891929626,1.17974054813385
2021-08-16,76.08773803710938,4.170000076293945,16.499526977539062,48.1060905456543,37.8307991027832,169.78988647460938,72.87969970703125,76.98834991455078,51.56827926635742,40.043983459472656,156.30218505859375,51.0378532409668,120.44999694824219,45.16038513183594,119.95999908447266,,53.16999816894531,98.89868927001953,43.18002700805664,344.6441345214844,68.48387908935547,48.64190673828125,87.2901382446289,18.45806312561035,,9.218029022216797,12.626646995544434,127.60002899169922,54.6879997253418,212.6699981689453,104.6500015258789,180.992431640625,258.88885498046875,5.299797534942627,74.71370697021484,136.1341094970703,292.10260009765625,434.9722595214844,288.58563232421875,285.2699890136719,155.133056640625,48.562686920166016,413.3514099121094,78.32413482666016,85.04006958007812,63.3431282043457,19.014951705932617,34.438838958740234,125.03807830810547,94.9094009399414,37.76556396484375,39.43014144897461,74.91382598876953,29.861146926879883,0.04913763329386711,0.7339019179344177,0.780341625213623,0.1573205143213272,1.1697999238967896
2021-08-23,74.59239196777344,4.559999942779541,17.000064849853516,46.88454055786133,38.37900161743164,174.65711975097656,74.4376449584961,74.2940902709961,57.48749542236328,40.72834396362305,158.54681396484375,52.71531677246094,154.75999450683594,47.56733703613281,123.56999969482422,,59.9900016784668,99.53125,45.06745910644531,345.36248779296875,72.16014862060547,50.23020553588867,87.21856689453125,19.684297561645508,,9.760700225830078,13.354107856750488,125.15514373779297,55.891998291015625,221.75,111.4000015258789,185.8229217529297,248.22402954101562,5.416572093963623,75.97342681884766,142.64663696289062,287.64947509765625,426.7749328613281,283.44927978515625,286.6000061035156,150.39328002929688,47.713863372802734,419.7751159667969,80.20814514160156,87.06047058105469,62.48994445800781,20.432064056396484,35.63583755493164,123.678466796875,97.02713775634766,38.74373245239258,39.28752136230469,76.00091552734375,29.259063720703125,0.049524564296007156,0.7434943914413452,0.7930088639259338,0.15865208208560944,1.1796404123306274
2021-08-30,75.52803039550781,4.53000020980835,17.39139747619629,47.249752044677734,38.40019989013672,175.49093627929688,74.91775512695312,77.74585723876953,55.42305374145508,40.90843963623047,154.5026397705078,52.61209487915039,167.0,46.190860748291016,130.44000244140625,,73.45999908447266,92.90581512451172,45.225582122802734,330.3142395019531,71.97488403320312,51.50776290893555,86.09131622314453,20.00699234008789,,9.452696800231934,13.4060697555542,126.68539428710938,59.053001403808594,218.1699981689453,109.91999816894531,182.39353942871094,248.01382446289062,5.425555229187012,76.9581527709961,142.3845977783203,289.0122375488281,438.3459777832031,291.0219421386719,281.8900146484375,152.2283172607422,48.63984680175781,422.4136047363281,80.918212890625,87.86482238769531,63.40406036376953,20.146154403686523,34.786048889160156,125.71785736083984,96.7219467163086,38.4822998046875,40.88150405883789,76.65511322021484,29.673263549804688,0.050200048834085464,0.7458233833312988,0.7984287142753601,0.15975716710090637,1.1884502172470093
2021-09-06,74.20809936523438,4.170000076293945,16.781648635864258,46.947513580322266,38.020599365234375,178.51596069335938,70.25376892089844,72.23683166503906,54.318016052246094,41.0975456237793,149.75758361816406,53.34328842163086,154.44000244140625,43.603389739990234,127.4800033569336,,70.02999877929688,88.79405212402344,45.26828384399414,337.26556396484375,71.67257690429688,49.66304016113281,83.30900573730469,19.684297561645508,,9.298698425292969,12.495100021362305,126.75579833984375,59.87200164794922,210.3000030517578,105.19999694824219,177.91384887695312,228.8726043701172,5.236917972564697,76.89603424072266,139.54811096191406,283.8009033203125,440.8194274902344,292.4404296875,277.6000061035156,145.2100372314453,47.679569244384766,415.2906799316406,79.77262878417969,87.56798553466797,62.5770149230957,19.802236557006836,34.33832931518555,122.35560607910156,94.28981018066406,37.869239807128906,39.30429458618164,75.3419418334961,29.229169845581055,0.050300292670726776,0.7459625005722046,0.7882084250450134,0.1588400900363922,1.1815693378448486
2021-09-13,70.25670623779297,4.519999980926514,16.326156616210938,46.6116943359375,38.18040084838867,177.88577270507812,68.10795593261719,72.08187866210938,56.19399642944336,44.21316909790039,146.48060607910156,54.23793411254883,161.50999450683594,43.56578063964844,131.41000366210938,,82.20999908447266,89.66801452636719,45.98163986206055,333.0423889160156,72.45268249511719,48.1205940246582,82.85272216796875,20.00699234008789,,9.936697006225586,11.831488609313965,126.94042205810547,58.935001373291016,213.36000061035156,103.87999725341797,175.05003356933594,219.88970947265625,4.940489292144775,76.1419906616211,139.47283935546875,287.79339599609375,435.46502685546875,295.71759033203125,276.760009765625,143.27931213378906,47.0286979675293,412.84246826171875,78.71226501464844,88.14730834960938,62.12432098388672,20.436208724975586,34.33832931518555,122.18104553222656,92.78242492675781,36.66118621826172,39.30429458618164,74.78875732421875,28.35379409790039,0.04997625946998596,0.7426551580429077,0.7835761904716492,0.15771004557609558,1.1726903915405273
2021-09-20,68.54414367675781,4.360000133514404,16.115079879760742,42.33419418334961,38.74440002441406,170.64312744140625,70.71429443359375,74.69947814941406,57.93294143676758,49.38187026977539,144.7662811279297,55.83798599243164,164.0,43.58082580566406,130.36000061035156,,82.54000091552734,89.1186752319336,46.21976089477539,347.7217712402344,72.20891571044922,46.944156646728516,81.91334533691406,19.232526779174805,,10.105366706848145,11.709244728088379,126.24567413330078,59.23899841308594,221.38999938964844,105.80000305175781,175.3911895751953,221.3995819091797,5.012350559234619,73.8975601196289,140.87448120117188,287.29437255859375,443.27386474609375,297.3209533691406,277.8699951171875,142.9401092529297,46.553565979003906,415.1900939941406,78.19257354736328,88.65796661376953,61.863277435302734,21.34713363647461,35.07431411743164,121.6712417602539,93.56452178955078,36.703739166259766,38.73146438598633,75.51300811767578,28.0263729095459,0.04986809939146042,0.7415096759796143,0.7897647023200989,0.1578858345746994,1.1721103191375732
2021-09-27,67.98442840576172,5.449999809265137,15.46350383758545,41.71293640136719,36.571998596191406,170.65281677246094,72.566162109375,73.25025177001953,63.06407165527344,55.05485534667969,147.1625213623047,58.21206283569336,162.25,42.94147491455078,114.9800033569336,,81.06999969482422,90.79998779296875,44.61143112182617,349.6828918457031,69.3217544555664,46.67402267456055,81.3586654663086,19.16798973083496,,10.384034156799316,12.765785217285156,122.75426483154297,61.314998626708984,226.0,102.44999694824219,174.3228759765625,219.40232849121094,4.904559135437012,74.3854751586914,135.25595092773438,277.4571533203125,424.8700256347656,290.59912109375,275.7099914550781,139.55711364746094,45.80200958251953,406.145751953125,77.25367736816406,86.69206237792969,60.46166229248047,22.58014678955078,35.01007843017578,117.38444519042969,92.01515197753906,36.38682556152344,37.90470504760742,73.03622436523438,27.4842529296875,0.04893229901790619,0.7375121116638184,0.7934807538986206,0.15589800477027893,1.15968918800354
2021-10-04,69.82228088378906,6.309999942779541,16.427104949951172,43.316471099853516,36.35219955444336,171.360595703125,76.8774185180664,69.3625717163086,67.33002471923828,54.982810974121094,152.24847412109375,60.80215072631836,169.27000427246094,42.565391540527344,139.66000366210938,,83.83999633789062,92.53958892822266,45.114891052246094,345.05035400390625,68.47220611572266,47.32760238647461,81.43895721435547,17.4899845123291,,11.088037490844727,12.949150085449219,124.64506530761719,63.26599884033203,226.38999938964844,105.05999755859375,185.28427124023438,223.55931091308594,5.209969997406006,73.35640716552734,138.4678955078125,282.9755554199219,428.2059326171875,294.54583740234375,284.1400146484375,139.95716857910156,46.75225067138672,409.53155517578125,76.79847717285156,87.56951904296875,61.36392593383789,23.7250919342041,35.80847930908203,117.02491760253906,93.65730285644531,36.7535400390625,37.6431770324707,73.22415161132812,27.86717987060547,0.04831384867429733,0.7380073666572571,0.801988959312439,0.1555524468421936,1.1576753854751587
2021-10-11,69.7470932006836,6.429999828338623,18.060638427734375,42.921878814697266,36.61859893798828,171.08914184570312,78.7586898803711,71.15021514892578,67.38140106201172,53.127838134765625,152.59896850585938,61.71171188354492,159.99000549316406,41.677833557128906,167.69000244140625,,89.11000061035156,92.10298919677734,46.06689453125,346.0613098144531,66.08952331542969,49.697906494140625,81.72557830810547,18.00629234313965,,11.513370513916016,13.228564262390137,127.0108413696289,62.82899856567383,217.0399932861328,112.12000274658203,188.99195861816406,227.32447814941406,5.299797534942627,74.61612701416016,140.03549194335938,291.9586181640625,428.7176208496094,308.70318603515625,284.2099914550781,140.27894592285156,47.0632438659668,417.0233459472656,76.17257690429688,90.6286849975586,62.029693603515625,24.043838500976562,36.258148193359375,117.97444152832031,95.4571533203125,38.098182678222656,38.97612762451172,75.12751007080078,28.25870704650879,0.04920122027397156,0.7420324087142944,0.8105632066726685,0.15589922666549683,1.159944772720337
2021-10-18,71.49305725097656,6.75,17.537538528442383,43.91254425048828,35.844200134277344,164.26341247558594,82.46244812011719,75.69744110107422,69.3773193359375,53.73116683959961,137.67239379882812,60.706851959228516,144.61000061035156,42.91139221191406,181.35000610351562,,93.94000244140625,91.94293975830078,47.18000793457031,348.6567687988281,65.92353820800781,50.20332717895508,85.6394271850586,17.231828689575195,,11.938705444335938,13.411931991577148,124.62134552001953,66.47799682617188,212.97000122070312,119.81999969482422,191.0657196044922,232.9340057373047,5.281832218170166,71.89265441894531,136.26979064941406,296.7092590332031,456.76873779296875,322.4288024902344,289.239990234375,142.38357543945312,47.03733825683594,423.8042907714844,76.22945404052734,92.42196655273438,62.4501838684082,24.303857803344727,37.27678298950195,121.38546752929688,97.22918701171875,38.40604019165039,40.233150482177734,76.33218383789062,28.934200286865234,0.04959579557180405,0.7421150207519531,0.8087342977523804,0.15653616189956665,1.1648223400115967
2021-10-25,70.76628875732422,6.380000114440918,17.978042602539062,43.2451057434082,35.58060073852539,163.92404174804688,89.625,77.29417419433594,66.24211883544922,51.14680099487305,137.9660186767578,60.559593200683594,151.61000061035156,39.331058502197266,194.72000122070312,,97.58999633789062,96.60157012939453,48.66843032836914,326.15313720703125,67.47616577148438,47.05745315551758,84.97667694091797,17.6835994720459,,12.525374412536621,12.791975975036621,126.53278350830078,69.03099822998047,207.02999877929688,120.2300033569336,181.99851989746094,243.4554901123047,5.102179050445557,71.32489013671875,146.65049743652344,318.2647705078125,466.572509765625,327.4944152832031,287.010009765625,141.6530303955078,48.69595718383789,429.5376281738281,76.15361022949219,96.44969940185547,62.41514205932617,24.102548599243164,36.946414947509766,123.3675537109375,96.94157409667969,38.53733825683594,40.34282302856445,77.83557891845703,28.787914276123047,0.04868454486131668,0.7418838143348694,0.8073631525039673,0.1554073989391327,1.156136155128479
2021-11-01,71.04196166992188,5.849999904632568,18.813167572021484,43.76143264770508,35.887001037597656,170.28436279296875,97.02269744873047,83.95880889892578,66.74751281738281,53.30793762207031,151.15933227539062,58.004150390625,160.67999267578125,42.25699996948242,197.25999450683594,,102.61000061035156,98.71607208251953,51.16285705566406,339.0526123046875,71.20638275146484,49.114036560058594,85.83646392822266,16.97367286682129,,14.14604663848877,13.499247550964355,129.231689453125,64.5719985961914,224.4600067138672,136.33999633789062,174.1792449951172,253.2410888671875,5.1830220222473145,75.05081939697266,147.4488983154297,322.5260009765625,487.0563659667969,324.5520324707031,287.8800048828125,142.13136291503906,49.10197448730469,438.2172546386719,77.48128509521484,101.29734802246094,63.94816589355469,24.433866500854492,36.72616958618164,122.48250579833984,98.7043228149414,39.759742736816406,40.680274963378906,80.50994110107422,28.921289443969727,0.04919758439064026,0.7406858801841736,0.8034709692001343,0.1555379331111908,1.1547343730926514
2021-11-08,69.16206359863281,6.019999980926514,18.03310775756836,43.07083511352539,37.2599983215332,154.77137756347656,98.00374603271484,93.82559967041016,65.59965515136719,58.41816711425781,149.78598022460938,59.173587799072266,155.72000122070312,45.551517486572266,204.75999450683594,,124.02999877929688,98.53917694091797,51.55647659301758,353.35198974609375,75.48346710205078,51.1793327331543,86.13201904296875,15.941054344177246,,14.300049781799316,12.783246040344238,129.69187927246094,68.26100158691406,220.9600067138672,147.88999938964844,172.3837432861328,248.9341583251953,5.102179050445557,75.89360046386719,147.2765655517578,323.15936279296875,490.9007263183594,328.2784729003906,285.989990234375,143.50546264648438,48.90327453613281,437.03875732421875,77.03558349609375,97.71556854248047,63.807979583740234,24.13610076904297,36.84547424316406,123.3582763671875,99.17748260498047,40.7920036315918,40.65496826171875,80.62077331542969,28.676042556762695,0.04876502603292465,0.7397489547729492,0.7979890704154968,0.15388639271259308,1.144426703453064
2021-11-15,70.308837890625,5.329999923706055,18.40019416809082,44.9149169921875,35.097999572753906,149.31271362304688,99.87767791748047,87.45601654052734,59.919883728027344,58.979095458984375,150.47885131835938,58.80110549926758,148.80999755859375,42.13665008544922,211.0399932861328,,128.52999877929688,97.9241943359375,52.0599479675293,330.2358093261719,81.07880401611328,49.27960968017578,80.87471771240234,15.23112964630127,,14.290974617004395,12.564952850341797,129.92193603515625,67.87999725341797,214.1300048828125,155.41000366210938,165.88417053222656,249.94081115722656,5.218953609466553,75.22346496582031,147.52272033691406,329.8944091796875,506.676513671875,360.04656982421875,279.989990234375,141.66171264648438,47.62476348876953,438.553955078125,75.5750961303711,101.37406158447266,63.11594772338867,22.92824363708496,35.80847930908203,122.58392333984375,98.09198760986328,39.98157501220703,40.671836853027344,82.5482177734375,28.95571517944336,0.04800675809383392,0.735213041305542,0.7911893725395203,0.15173125267028809,1.1281588077545166
2021-11-22,69.60895538330078,5.079999923706055,18.50113868713379,43.702491760253906,33.73759841918945,143.6020050048828,96.43395233154297,85.58158874511719,59.00031280517578,56.816795349121094,143.04745483398438,58.627845764160156,143.82000732421875,43.445438385009766,200.1199951171875,,100.20999908447266,98.15165710449219,50.0341911315918,315.12005615234375,81.45965576171875,48.74803924560547,84.71691131591797,16.84459686279297,,14.556307792663574,12.599881172180176,130.49716186523438,66.56400299072266,199.2100067138672,154.80999755859375,165.56101989746094,249.6243896484375,4.985403060913086,73.19524383544922,140.84275817871094,316.9818115234375,518.3897094726562,354.7695007324219,283.0899963378906,139.35951232910156,46.41535568237305,429.2757873535156,73.1947021484375,97.84981536865234,63.037105560302734,23.309894561767578,35.57905578613281,121.66200256347656,95.75404357910156,39.116851806640625,40.325950622558594,79.98468017578125,28.723377227783203,0.04602017253637314,0.7299323678016663,0.7858669757843018,0.15185843408107758,1.1293182373046875
2021-11-29,69.43187713623047,5.110000133514404,19.00588607788086,43.77455520629883,31.841999053955078,141.76954650878906,92.77439880371094,91.4738998413086,60.475093841552734,53.568824768066406,141.71871948242188,58.49790954589844,135.61000061035156,43.264915466308594,159.69000244140625,,84.04000091552734,100.1229248046875,51.089622497558594,313.117431640625,79.70195770263672,47.64130783081055,85.28118133544922,14.521203994750977,,14.106719970703125,13.246027946472168,132.62974548339844,60.2130012512207,198.49000549316406,144.00999450683594,163.65487670898438,235.44480895996094,5.084212303161621,71.83712005615234,140.66299438476562,310.56866455078125,502.0634765625,360.7572326660156,277.42999267578125,139.51705932617188,46.609893798828125,424.0848693847656,70.84276580810547,95.73045349121094,62.69546127319336,23.12535858154297,34.899959564208984,120.18697357177734,94.81700897216797,38.62335968017578,40.334381103515625,79.57029724121094,28.99873161315918,0.04704664647579193,0.7297192215919495,0.7813781499862671,0.15212364494800568,1.1314777135849
2021-12-06,70.8232192993164,5.849999904632568,19.29037857055664,45.53385543823242,34.428001403808594,148.06199645996094,95.0113525390625,90.17219543457031,61.46407699584961,55.34209442138672,140.97842407226562,60.914756774902344,140.0,43.528175354003906,140.47999572753906,,84.22000122070312,105.69982147216797,57.823219299316406,340.15106201171875,83.52983093261719,49.36898422241211,85.13786315917969,15.03751277923584,,15.809257507324219,13.38404369354248,137.56753540039062,61.16600036621094,205.05999755859375,138.5500030517578,168.00010681152344,234.06423950195312,5.407589435577393,73.90109252929688,146.60641479492188,329.3464050292969,530.4351806640625,367.471435546875,288.2300109863281,144.86561584472656,48.9952278137207,440.28424072265625,72.73948669433594,98.29095458984375,64.9906005859375,24.00609016418457,35.83600616455078,124.06817626953125,97.73943328857422,39.97705841064453,41.498600006103516,84.26847076416016,29.751676559448242,0.047911763191223145,0.733465850353241,0.7858545780181885,0.15220004320144653,1.1317081451416016
2021-12-13,72.97346496582031,5.329999923706055,19.624826431274414,46.42832946777344,33.67679977416992,144.23220825195312,93.18645477294922,90.69287872314453,59.5902099609375,58.635292053222656,138.8334503173828,61.36519241333008,132.38999938964844,42.760963439941406,134.58999633789062,,73.73999786376953,109.1201171875,58.12346649169922,339.5581359863281,81.04952239990234,52.132240295410156,91.76715850830078,15.295668601989746,,14.571049690246582,13.269646644592285,139.33734130859375,58.67300033569336,192.6300048828125,137.75,166.31980895996094,256.3834533691406,5.398606777191162,74.33891296386719,140.38912963867188,311.3282165527344,519.79443359375,343.2151794433594,293.6600036621094,147.2640838623047,50.25754928588867,431.62860107421875,72.53085327148438,93.63988494873047,65.87535858154297,22.802431106567383,35.41386032104492,127.14729309082031,95.0396728515625,39.68730163574219,42.2241325378418,80.89543151855469,30.121686935424805,0.04801759123802185,0.7317644357681274,0.775476336479187,0.15111355483531952,1.1239616870880127
2021-12-20,72.95661163330078,5.099999904632568,20.36433982849121,46.66996765136719,34.9734001159668,148.95401000976562,96.97357177734375,97.33744049072266,62.227481842041016,65.41170501708984,144.11993408203125,64.96013641357422,139.32000732421875,46.032901763916016,137.27000427246094,,81.26000213623047,112.119140625,61.244266510009766,350.513427734375,92.2011489868164,52.387447357177734,92.0216293334961,15.876516342163086,,14.924820899963379,13.868013381958008,141.67352294921875,61.409000396728516,204.22000122070312,146.13999938964844,164.6034393310547,261.8290710449219,5.560295581817627,73.97257232666016,145.5316619873047,321.7987976074219,522.414306640625,351.25634765625,294.489990234375,147.28160095214844,50.68411636352539,441.69970703125,74.22906494140625,97.57376861572266,66.37104797363281,23.322834014892578,35.79561233520508,128.91302490234375,96.7764663696289,40.18419647216797,42.47514343261719,83.4913330078125,30.232690811157227,0.04853685572743416,0.7360517978668213,0.7806401252746582,0.15223713219165802,1.1341726779937744
2021-12-27,75.02253723144531,5.329999923706055,21.04838752746582,47.75522232055664,34.96500015258789,150.17564392089844,97.07169342041016,98.70025634765625,65.15972137451172,64.0364990234375,144.2623291015625,65.53849029541016,134.52999877929688,49.049110412597656,131.5,,80.33000183105469,114.06517028808594,61.30046844482422,349.2886657714844,91.05797576904297,54.57869338989258,93.29405212402344,13.875816345214844,,15.308073997497559,13.876812934875488,144.75296020507812,60.24399948120117,201.32000732421875,143.89999389648438,168.69570922851562,264.8202819824219,5.58724308013916,76.63518524169922,143.4866485595703,323.3659973144531,538.8640747070312,367.1263732910156,299.0,149.7501983642578,51.54597091674805,445.79193115234375,73.82044219970703,98.17402648925781,68.0115966796875,23.57773208618164,36.007694244384766,130.38442993164062,98.53654479980469,41.23079299926758,44.083274841308594,83.94029998779297,31.039241790771484,0.048818349838256836,0.741729736328125,0.7911830544471741,0.15299035608768463,1.1375269889831543
2022-01-03,76.56563568115234,5.710000038146973,20.9929256439209,47.53477096557617,31.956199645996094,153.0261688232422,94.05967712402344,96.93558502197266,70.2694320678711,62.552772521972656,129.78858947753906,60.24833297729492,116.86000061035156,49.51545715332031,107.0,,70.7300033569336,113.62710571289062,57.03879165649414,359.8017578125,92.32877349853516,52.2994384765625,99.3254165649414,13.165891647338867,,18.012971878051758,15.0735445022583,144.0096435546875,54.10599899291992,215.5,132.0,174.31468200683594,248.7903289794922,5.479450702667236,78.47579956054688,135.7255096435547,301.9441223144531,508.94512939453125,348.1955871582031,319.7799987792969,152.2712860107422,52.5210075378418,437.4666442871094,72.64202880859375,95.79217529296875,68.28498840332031,26.05870246887207,37.962520599365234,124.33210754394531,99.16978454589844,40.63468551635742,41.92208480834961,80.1070556640625,30.531904220581055,0.04908939078450203,0.7383016347885132,0.7908076643943787,0.1527043879032135,1.1363636255264282
2022-01-10,76.71743774414062,6.210000038146973,20.881994247436523,47.08541488647461,29.962600708007812,147.3154296875,95.10946655273438,95.39802551269531,73.91303253173828,60.11001205444336,133.00607299804688,62.732173919677734,122.95999908447266,50.12472152709961,100.29000091552734,,59.4900016784668,115.64885711669922,54.9401969909668,362.2254333496094,95.17342376708984,53.874671936035156,99.84395599365234,13.036813735961914,,18.565736770629883,15.451916694641113,141.41688537597656,52.569000244140625,225.9600067138672,136.8800048828125,178.57861328125,234.0450439453125,5.32674503326416,78.18988037109375,138.16574096679688,298.2520751953125,477.4410705566406,329.0788879394531,324.1300048828125,146.92269897460938,53.44379806518555,436.1808166503906,72.75606536865234,94.37077331542969,67.94100952148438,27.405397415161133,37.64902114868164,124.07299041748047,98.57380676269531,40.407169342041016,41.08823013305664,80.02498626708984,30.093931198120117,0.04928414523601532,0.7438650131225586,0.7971494197845459,0.1533883512020111,1.141643762588501
2022-01-17,75.86576843261719,5.690000057220459,20.077774047851562,46.38593673706055,27.56800079345703,133.19859313964844,86.55411529541016,83.44706726074219,68.78596496582031,59.71192169189453,123.77135467529297,61.7212028503418,107.97000122070312,43.4830436706543,88.55000305175781,,52.58000183105469,112.33779907226562,49.12348175048828,345.6199645996094,80.0899429321289,55.52030944824219,98.27011108398438,12.391427993774414,,15.219630241394043,14.202391624450684,144.6804656982422,39.75,205.44000244140625,118.80999755859375,172.6344451904297,233.02880859375,4.949472427368164,78.18988037109375,129.12281799316406,284.6278381347656,457.1469421386719,308.82110595703125,305.2200012207031,144.3228759765625,52.6254768371582,411.08294677734375,68.6317138671875,86.63937377929688,66.99726867675781,26.53026008605957,35.223915100097656,119.81597137451172,94.24344635009766,38.2411994934082,39.897029876708984,74.50684356689453,29.851093292236328,0.04887824505567551,0.743876039981842,0.795722246170044,0.1524064987897873,1.134507179260254
2022-01-24,76.00067138671875,6.25,20.031557083129883,47.123565673828125,28.20039939880371,134.41055297851562,85.73979949951172,93.4935531616211,70.62512969970703,64.3260269165039,115.88439178466797,59.769012451171875,119.76000213623047,37.53335952758789,84.18000030517578,,53.900001525878906,117.39375305175781,51.598846435546875,372.3192138671875,77.48971557617188,52.677852630615234,98.90691375732422,11.423346519470215,,14.475573539733887,14.193593978881836,142.7943115234375,38.43600082397461,190.57000732421875,105.23999786376953,169.53585815429688,234.984619140625,5.138108253479004,75.1073226928711,132.0940399169922,296.3868103027344,467.4173889160156,324.24884033203125,312.8999938964844,150.38043212890625,52.96499252319336,414.80914306640625,68.71723937988281,85.52529907226562,66.75030517578125,27.88119888305664,35.703399658203125,120.75066375732422,92.84656524658203,37.86806869506836,39.837459564208984,76.27864837646484,29.469497680664062,0.04810074344277382,0.7392677068710327,0.7840861678123474,0.1497947871685028,1.1148271560668945
2022-01-31,75.19116973876953,6.420000076293945,20.179462432861328,47.01334762573242,29.668800354003906,137.69737243652344,82.9730453491211,94.97868347167969,76.07572174072266,67.90875244140625,118.86450958251953,63.10693359375,121.80999755859375,38.97001647949219,103.19000244140625,,57.220001220703125,119.71746063232422,54.36811065673828,372.0174255371094,79.34703063964844,53.619476318359375,99.225341796875,12.004195213317871,,13.305084228515625,14.818361282348633,143.71067810058594,41.016998291015625,206.4499969482422,123.5999984741211,164.96481323242188,232.27142333984375,5.129125595092773,71.86392211914062,141.9423065185547,294.1561584472656,494.1165466308594,318.1715087890625,314.989990234375,150.24038696289062,53.06946563720703,421.1446228027344,67.63386535644531,88.55062866210938,66.93553161621094,29.27037239074707,36.97589111328125,122.43497467041016,93.2283706665039,37.82257843017578,39.72685623168945,77.05107879638672,29.694992065429688,0.04838420823216438,0.7433176040649414,0.7853670120239258,0.15381065011024475,1.145081877708435
2022-02-07,74.55416107177734,7.0,20.16097640991211,45.269981384277344,31.22960090637207,144.9206085205078,85.16092681884766,94.96995544433594,80.72625732421875,69.42867279052734,121.62757110595703,66.47972869873047,122.83999633789062,40.4141845703125,104.91999816894531,,59.18000030517578,120.87505340576172,52.8259391784668,359.91864013671875,87.74413299560547,56.19791793823242,96.61438751220703,12.649581909179688,,13.001347541809082,15.135146141052246,139.0487518310547,39.13100051879883,212.3000030517578,113.18000030517578,166.10305786132812,226.01092529296875,4.976419925689697,71.5780029296875,133.01675415039062,283.6759033203125,484.5149841308594,309.8737487792969,319.1400146484375,146.8089141845703,52.48617935180664,413.4106140136719,65.86630249023438,86.66819763183594,66.37104797363281,29.911853790283203,36.9850959777832,120.53782653808594,92.52991485595703,38.222991943359375,38.6462516784668,74.7771987915039,29.066221237182617,0.04870208725333214,0.7440697550773621,0.7865530848503113,0.1525762528181076,1.1350737810134888
2022-02-14,72.90399932861328,6.900000095367432,19.82819366455078,44.75662612915039,30.466400146484375,146.75308227539062,86.55411529541016,94.9087905883789,76.09326934814453,66.54943084716797,125.18641662597656,66.04396057128906,111.98999786376953,41.76809310913086,95.87000274658203,,52.08000183105469,122.59442138671875,53.431209564208984,360.0938415527344,88.76075744628906,59.55078887939453,96.80543518066406,12.262349128723145,,13.364348411560059,15.249537467956543,142.2605438232422,39.12900161743164,209.02999877929688,113.83000183105469,168.10850524902344,231.3540496826172,5.084212303161621,74.03512573242188,129.173828125,277.4123229980469,487.3668518066406,306.8484191894531,314.79998779296875,143.9189910888672,54.4449462890625,407.56329345703125,64.06071472167969,86.43769836425781,67.05899810791016,28.909278869628906,36.16444396972656,118.00212097167969,91.58003234863281,38.15929412841797,38.0166130065918,73.59439849853516,28.714984893798828,0.04931233823299408,0.7431297898292542,0.784067690372467,0.15220144391059875,1.13237464427948
2022-02-21,76.0937271118164,8.0,20.244169235229492,45.16731262207031,29.940000534057617,144.97877502441406,84.45451354980469,91.6415023803711,74.46997833251953,72.2080078125,125.56702423095703,70.78504943847656,108.5199966430664,39.82748794555664,109.2699966430664,,59.880001068115234,127.28440856933594,54.1700439453125,359.25677490234375,88.07646179199219,59.75318908691406,97.56051635742188,13.294968605041504,,13.208780288696289,14.096800804138184,140.7836151123047,39.08000183105469,201.47999572753906,121.05999755859375,181.69207763671875,241.5012969970703,4.886592388153076,75.33069610595703,133.19207763671875,286.4496154785156,491.9489440917969,280.11517333984375,319.239990234375,146.2447967529297,54.71480941772461,410.8670959472656,65.12503051757812,84.60810852050781,66.95317077636719,29.261873245239258,36.053794860839844,121.18563842773438,92.31574249267578,38.377708435058594,39.020633697509766,74.5165023803711,29.30472183227539,0.04915937781333923,0.7390982508659363,0.7883327007293701,0.15148989856243134,1.1273066997528076
2022-02-28,81.93727111816406,8.130000114440918,20.80804443359375,48.01647186279297,28.845600128173828,136.4369354248047,83.39492797851562,90.13890075683594,75.44395446777344,82.88026428222656,130.6577911376953,82.78590393066406,104.52999877929688,37.811668395996094,100.91000366210938,,51.369998931884766,128.15260314941406,54.90520477294922,321.9478454589844,80.07041931152344,65.3676986694336,97.51502227783203,13.165891647338867,,12.482776641845703,14.448780059814453,138.02565002441406,36.17300033569336,180.83999633789062,108.41000366210938,198.219482421875,253.0733184814453,4.311698913574219,78.37271881103516,130.66311645507812,279.271728515625,499.5636901855469,286.8471374511719,325.3399963378906,149.3106689453125,54.47106170654297,405.6297607421875,63.1864013671875,82.40394592285156,66.91790008544922,31.959505081176758,34.32947540283203,122.63855743408203,93.48910522460938,37.795265197753906,39.70983123779297,72.29573059082031,30.740036010742188,0.04776826500892639,0.7376970648765564,0.7885751128196716,0.1469961404800415,1.0951223373413086
2022-03-07,81.26531982421875,8.420000076293945,20.73409652709961,46.5234489440918,29.50819969177246,127.73994445800781,89.19544982910156,76.2922134399414,80.43669128417969,87.23999786376953,139.5833740234375,88.37236785888672,102.18000030517578,34.0733757019043,88.72000122070312,,48.20000076293945,126.87580108642578,53.23405838012695,316.1369323730469,71.18456268310547,68.14749145507812,96.01394653320312,13.61766242980957,,11.88271427154541,14.670716285705566,127.42058563232422,34.03200149536133,176.22999572753906,104.29000091552734,187.3376007080078,256.3755187988281,4.320681571960449,82.08973693847656,128.64634704589844,269.8393249511719,501.3887939453125,281.93017578125,326.6000061035156,149.1961669921875,50.42295837402344,394.2728271484375,61.171749114990234,80.06050872802734,63.010589599609375,32.64772415161133,33.56415557861328,119.32551574707031,91.20751953125,37.24467086791992,39.02914047241211,69.5487289428711,30.54056739807129,0.04782949760556221,0.7524737119674683,0.7851142287254333,0.14669747650623322,1.0912384986877441
2022-03-14,80.01494598388672,7.920000076293945,20.71560287475586,46.82290267944336,31.754600524902344,136.0297088623047,90.71839904785156,82.39873504638672,79.34864807128906,86.51336669921875,142.39048767089844,86.84719848632812,117.44000244140625,37.082061767578125,109.83999633789062,,58.630001068115234,135.50672912597656,56.2336311340332,340.7629699707031,77.6265640258789,65.55064392089844,101.18126678466797,16.070131301879883,,12.490185737609863,15.105077743530273,133.58607482910156,38.060001373291016,192.8300018310547,113.45999908447266,176.0829620361328,276.920166015625,4.787783622741699,82.95376586914062,134.84237670898438,289.4555969238281,533.6442260742188,303.24468994140625,342.4100036621094,154.03280639648438,52.72127914428711,418.5174255371094,64.83995056152344,87.34049224853516,65.43612670898438,31.385990142822266,35.961585998535156,126.7752456665039,95.77070617675781,39.17856979370117,40.18631362915039,74.8641128540039,30.70534896850586,0.04914608597755432,0.737626314163208,0.7932730913162231,0.14849573373794556,1.106439471244812
2022-03-21,82.37107849121094,9.220000267028809,21.181337356567383,49.124481201171875,31.127399444580078,134.905029296875,86.55242156982422,80.02235412597656,85.33293151855469,99.47449493408203,148.94668579101562,94.4991683959961,114.38999938964844,38.217838287353516,119.62999725341797,,57.54999923706055,137.31968688964844,58.32600402832031,339.721435546875,76.34597778320312,69.9732666015625,106.13934326171875,15.23112964630127,,12.201265335083008,15.548300743103027,135.97042846679688,37.3849983215332,188.9499969482422,119.66999816894531,187.24664306640625,278.2487487792969,4.823713779449463,86.59878540039062,140.3376007080078,292.5869140625,528.2826538085938,276.4925231933594,358.760009765625,155.86526489257812,53.97572326660156,426.20953369140625,65.90986633300781,88.18648529052734,66.48603820800781,33.774906158447266,36.583656311035156,126.50230407714844,96.91156005859375,40.783138275146484,40.330936431884766,76.52598571777344,31.77048110961914,0.049949802458286285,0.7366482615470886,0.8032773733139038,0.14764070510864258,1.098538875579834
2022-03-28,86.34333801269531,9.1899995803833,21.833356857299805,51.374717712402344,31.880800247192383,132.8301544189453,88.55681610107422,78.7021255493164,88.86031341552734,90.63694763183594,145.26417541503906,90.86832427978516,115.97000122070312,36.397586822509766,123.5,,59.56999969482422,138.4687957763672,58.150718688964844,354.2731628417969,74.46910858154297,73.36778259277344,104.79295349121094,14.19851016998291,,12.334614753723145,14.440238952636719,137.98114013671875,37.34700012207031,190.75999450683594,108.19000244140625,184.21031188964844,281.7627258300781,4.985403060913086,88.03878784179688,138.8294219970703,298.1172790527344,547.1624145507812,268.6697692871094,351.8800048828125,156.984130859375,55.15119934082031,426.4261169433594,66.01466369628906,89.0858383178711,67.91250610351562,33.05007553100586,35.380245208740234,128.17332458496094,95.47265625,40.687217712402344,42.17076873779297,76.6420669555664,32.957828521728516,0.05039992555975914,0.7373543977737427,0.7997376918792725,0.14855529367923737,1.1049723625183105
2022-04-04,87.60221862792969,9.140000343322754,22.830013275146484,52.75651550292969,30.87980079650879,127.85628509521484,85.47161865234375,74.84712219238281,90.57135009765625,98.2846450805664,138.23220825195312,92.83857727050781,111.06999969482422,35.502498626708984,109.7699966430664,,52.11000061035156,148.9212188720703,54.44267654418945,343.3606262207031,70.6162109375,72.78285217285156,107.90772247314453,15.360206604003906,,11.14930534362793,14.271814346313477,142.43846130371094,35.5880012512207,175.1999969482422,101.0,187.18301391601562,300.0739440917969,4.823713779449463,87.2828140258789,132.03114318847656,286.1220397949219,570.4246215820312,276.87518310546875,353.1000061035156,160.4464111328125,55.99333190917969,421.3890686035156,64.86186981201172,86.32040405273438,69.74653625488281,34.10943603515625,35.07476043701172,132.59210205078125,93.06200408935547,40.41316604614258,42.504512786865234,73.71588134765625,33.59516143798828,0.049929600208997726,0.7334604859352112,0.7960768938064575,0.14625656604766846,1.0876185894012451
2022-04-11,86.79414367675781,9.010000228881836,22.382915496826172,53.13298034667969,32.06340026855469,126.49891662597656,87.02404022216797,71.65220642089844,92.01038360595703,98.46629333496094,139.79275512695312,98.0750961303711,112.8499984741211,34.85563659667969,113.9800033569336,,52.68000030517578,139.32801818847656,53.22305679321289,348.7702941894531,68.64863586425781,75.13152313232422,102.0802993774414,15.102051734924316,,11.467855453491211,13.633573532104492,141.07723999023438,34.112998962402344,181.94000244140625,93.05999755859375,202.42855834960938,290.6101379394531,4.590163707733154,86.42779541015625,125.53546142578125,269.60809326171875,561.2510986328125,271.0103454589844,344.3299865722656,158.4906005859375,57.03723907470703,412.1811218261719,63.33749008178711,85.80097961425781,69.85287475585938,34.246681213378906,34.1490592956543,128.7024383544922,93.37969207763672,40.67808151245117,41.72578811645508,70.92511749267578,33.21538162231445,0.050194501876831055,0.7368653416633606,0.7930213809013367,0.14540378749370575,1.0816657543182373
2022-04-18,85.27159118652344,8.600000381469727,23.61244010925293,52.76507568359375,29.617000579833984,114.67024230957031,85.12773895263672,72.5411605834961,90.42220306396484,88.04837036132812,138.06092834472656,90.90335083007812,105.91999816894531,37.20240783691406,95.22000122070312,,42.900001525878906,133.0445098876953,54.43804168701172,342.2983093261719,67.94385528564453,66.0469741821289,98.6475601196289,14.97297477722168,,11.20857048034668,13.961559295654297,144.2664337158203,21.552000045776367,176.9199981689453,88.13999938964844,201.9740753173828,268.3421936035156,4.617111682891846,85.44678497314453,118.50780487060547,264.02008056640625,543.4835205078125,267.0856628417969,335.55999755859375,159.93545532226562,57.238983154296875,401.11846923828125,58.42141342163086,84.56012725830078,70.2072525024414,32.681236267089844,33.48255920410156,124.08869171142578,91.96881103515625,39.16166687011719,42.24778747558594,69.2032470703125,32.41217803955078,0.04941028729081154,0.7298524379730225,0.7874945998191833,0.14517159759998322,1.080263614654541
2022-04-25,84.30191802978516,8.460000038146973,23.305057525634766,50.844242095947266,29.112199783325195,108.23233795166016,82.94648742675781,72.20670318603516,97.81917572021484,87.9484634399414,128.6024169921875,86.03462219238281,91.2699966430664,39.917755126953125,86.13999938964844,,39.43000030517578,126.08280944824219,51.418190002441406,354.1897277832031,66.7496337890625,64.56684112548828,97.75524139404297,15.295668601989746,,10.559770584106445,13.660167694091797,143.64015197753906,19.035999298095703,148.83999633789062,85.5199966430664,193.4012451171875,281.2427978515625,4.527284622192383,81.72974395751953,113.03390502929688,267.3824768066406,506.2989807128906,267.34381103515625,322.8299865722656,158.98397827148438,56.677574157714844,387.89971923828125,56.26824951171875,78.33668518066406,68.7896499633789,32.23091125488281,31.945894241333008,120.95094299316406,88.89476776123047,38.83738327026367,39.87738800048828,68.40035247802734,31.106958389282227,0.049092527478933334,0.7233743667602539,0.78453528881073,0.1417997181415558,1.0546298027038574
2022-05-02,84.76124572753906,8.5600004196167,24.795392990112305,51.46619415283203,27.090599060058594,106.9331283569336,83.72270202636719,72.71719360351562,113.35018157958984,90.6641845703125,122.236572265625,90.88581848144531,83.08000183105469,44.716609954833984,65.61000061035156,,35.81999969482422,131.19036865234375,53.8027229309082,338.3409423828125,68.86400604248047,64.58457946777344,99.66737365722656,14.97297477722168,,10.597057342529297,13.908371925354004,139.5694122314453,18.097000122070312,148.89999389648438,95.33999633789062,196.59217834472656,285.8350524902344,4.47406530380249,79.58773040771484,114.65547943115234,264.69439697265625,479.2948913574219,261.9238586425781,318.8800048828125,155.38072204589844,56.791603088378906,387.2783508300781,56.56359100341797,76.0617904663086,67.97453308105469,35.56336212158203,32.1588134765625,120.47750854492188,89.24981689453125,38.6090087890625,38.36273956298828,67.98924255371094,31.521650314331055,0.04966624453663826,0.7220737934112549,0.782368540763855,0.1417575180530548,1.0549635887145996
2022-05-09,85.46421813964844,8.479999542236328,22.895217895507812,50.560028076171875,26.3656005859375,104.06321716308594,82.77241516113281,71.03611755371094,110.3128433227539,94.7177734375,120.97100830078125,86.6475830078125,83.12000274658203,43.96443176269531,66.37999725341797,,37.79999923706055,131.76548767089844,54.55768585205078,324.38311767578125,70.40084075927734,57.83097457885742,98.1740951538086,14.908435821533203,,10.067578315734863,14.138849258422852,137.44009399414062,18.763999938964844,127.19999694824219,95.12000274658203,185.25572204589844,281.7075500488281,4.401901721954346,79.53372192382812,114.95659637451172,251.5816192626953,473.49603271484375,263.4546203613281,310.3599853515625,155.80360412597656,57.65129089355469,378.2210693359375,56.22060012817383,73.25788116455078,68.17829895019531,34.64553451538086,31.03870964050293,119.3821029663086,86.9886703491211,37.67723083496094,36.87375259399414,65.7111587524414,31.181156158447266,0.049764860421419144,0.7200564742088318,0.7859163880348206,0.1399664431810379,1.0412328243255615
2022-05-16,85.47278594970703,8.520000457763672,23.500661849975586,50.47804260253906,25.882200241088867,99.30265808105469,81.16812133789062,70.51683807373047,108.79129028320312,87.35811614990234,117.07855987548828,84.9575424194336,95.4000015258789,42.73087692260742,55.689998626708984,,42.65999984741211,129.6280517578125,50.379417419433594,327.67767333984375,67.44464874267578,59.55039596557617,101.06050109863281,14.97297477722168,,9.321831703186035,12.552103996276855,126.8560562133789,18.635000228881836,120.69999694824219,93.5,179.782958984375,288.681884765625,4.356800079345703,79.29972839355469,107.88143920898438,243.9010467529297,396.5208435058594,255.58737182617188,304.04998779296875,155.91810607910156,53.49324035644531,366.8382568359375,55.277400970458984,67.52977752685547,62.64076232910156,35.07014083862305,30.474037170410156,120.47750854492188,83.84923553466797,37.64527130126953,36.240501403808594,63.389556884765625,31.316490173339844,0.050378087908029556,0.725247323513031,0.7790589332580566,0.1419486701488495,1.0564124584197998
2022-05-23,88.79053497314453,9.640000343322754,24.506635665893555,52.24723434448242,28.04840087890625,105.9926528930664,90.15399169921875,77.60196685791016,116.6025390625,87.29427337646484,122.01091003417969,83.68781280517578,88.79000091552734,46.82268524169922,58.90999984741211,,50.58000183105469,128.76107788085938,54.097652435302734,348.7313537597656,71.77127838134766,60.89757537841797,109.57402038574219,15.618362426757812,,10.164523124694824,13.997018814086914,133.05613708496094,19.518999099731445,132.22999572753906,102.26000213623047,196.03260803222656,312.4739074707031,4.636429786682129,81.71949768066406,111.25780487060547,263.87200927734375,448.25347900390625,274.51678466796875,319.1099853515625,160.56419372558594,56.73897933959961,390.9691467285156,57.3734130859375,73.95043182373047,66.45056915283203,37.96941375732422,32.92713928222656,124.41358947753906,89.2031021118164,39.90160369873047,38.35417556762695,68.41971588134766,32.90107727050781,0.0511007085442543,0.7298524379730225,0.7880530953407288,0.14433346688747406,1.0738831758499146
2022-05-30,87.4017105102539,8.970000267028809,24.078168869018555,51.78119659423828,27.50119972229004,105.3624267578125,89.85873413085938,72.79641723632812,119.7960205078125,87.42196655273438,125.82704162597656,81.87517547607422,86.30000305175781,45.190467834472656,54.540000915527344,,47.66999816894531,126.33174896240234,52.246429443359375,348.7702941894531,68.46267700195312,60.59998321533203,108.45405578613281,15.23112964630127,,10.067578315734863,13.36763858795166,130.52418518066406,19.898000717163086,139.25,106.30000305175781,194.60626220703125,291.38665771484375,4.546226501464844,79.75286102294922,113.4613265991211,260.762451171875,453.48095703125,273.223388671875,310.94000244140625,156.42347717285156,55.23892593383789,386.5251770019531,56.8017692565918,73.58493041992188,65.40509033203125,38.38972854614258,32.279151916503906,120.51465606689453,89.27783966064453,39.586448669433594,37.51555633544922,67.7087173461914,32.45581817626953,0.05117838457226753,0.7292882204055786,0.7941550612449646,0.1441117376089096,1.0721560716629028
2022-06-06,84.23829650878906,8.680000305175781,23.696271896362305,50.02494812011719,26.34079933166504,96.37457275390625,87.79186248779297,70.9480972290039,124.29878234863281,79.99849700927734,118.08982849121094,75.71046447753906,82.77999877929688,40.63983154296875,47.36000061035156,,42.45000076293945,122.92387390136719,50.20134353637695,326.2838134765625,61.29729461669922,59.73326110839844,103.40058135986328,15.166590690612793,,9.508267402648926,12.718121528625488,126.99921417236328,18.29400062561035,127.0,94.81999969482422,193.82904052734375,286.90447998046875,4.239536285400391,74.37861633300781,110.11368560791016,244.31625366210938,441.1596984863281,259.0374450683594,291.7099914550781,152.99215698242188,53.870445251464844,366.99835205078125,54.029327392578125,69.48245239257812,63.721683502197266,38.04662322998047,30.11301040649414,116.49500274658203,84.87702941894531,37.302703857421875,35.230743408203125,63.404056549072266,31.14187240600586,0.0500926747918129,0.7209285497665405,0.7856447100639343,0.14142270386219025,1.0521332025527954
2022-06-13,75.79388427734375,7.28000020980835,20.883270263671875,44.2125129699707,24.91200065612793,91.46858215332031,74.14082336425781,63.977413177490234,99.46732330322266,79.27803802490234,113.84440612792969,72.71568298339844,83.91999816894531,34.863155364990234,41.209999084472656,,41.959999084472656,118.7005386352539,46.24844741821289,302.8323669433594,54.57240295410156,56.97221755981445,99.7584228515625,15.166590690612793,,8.374732971191406,11.994178771972656,118.4192886352539,17.551000595092773,136.8000030517578,81.56999969482422,183.451416015625,281.00238037109375,4.140313625335693,70.37283325195312,106.13356018066406,239.1593475341797,425.33416748046875,242.4603271484375,268.0799865722656,150.2523956298828,52.51020431518555,345.9466247558594,51.294979095458984,65.45691680908203,60.98393249511719,31.518949508666992,28.631898880004883,111.29643249511719,79.9436264038086,34.219642639160156,33.4422492980957,60.27473449707031,28.31754493713379,0.04918815195560455,0.7190313339233398,0.770427942276001,0.1411183625459671,1.049648404121399
2022-06-20,80.24327087402344,7.150000095367432,21.96015167236328,47.70343017578125,26.580400466918945,94.80388641357422,81.70943450927734,65.90673065185547,91.93917846679688,75.98579406738281,118.06122589111328,70.22000122070312,91.08999633789062,35.40471649169922,51.84000015258789,,47.75,130.7696990966797,47.60817337036133,322.14129638671875,57.205589294433594,57.347503662109375,105.61316680908203,15.876516342163086,,8.956417083740234,12.566182136535645,129.1464385986328,19.084999084472656,141.52999877929688,87.08000183105469,196.8920440673828,314.5411071777344,4.338759422302246,75.54772186279297,116.86296844482422,258.52197265625,461.2127685546875,253.44903564453125,278.2799987792969,161.62815856933594,55.69987106323242,368.8484191894531,54.379764556884766,70.85791015625,65.03035736083984,31.04838752746582,30.09671401977539,120.4454116821289,83.35399627685547,35.164764404296875,36.06635665893555,64.71327209472656,30.36583709716797,0.05036844313144684,0.7215527892112732,0.7762166857719421,0.14186610281467438,1.0558546781539917
2022-06-27,83.9725112915039,7.480000019073486,21.922595977783203,49.753108978271484,26.13599967956543,93.21379852294922,82.84129333496094,61.40925598144531,95.52190399169922,77.77326965332031,132.5433807373047,69.76634979248047,92.5999984741211,32.6592903137207,45.900001525878906,,41.540000915527344,132.02301025390625,44.68580627441406,310.1913757324219,52.516761779785156,54.65793228149414,107.88043212890625,16.00559425354004,,8.441851615905762,11.583050727844238,130.72108459472656,17.9950008392334,139.83999633789062,73.66999816894531,202.03057861328125,313.6620178222656,4.203455924987793,75.41177368164062,107.7125473022461,250.68028259277344,462.5362854003906,249.9384307861328,277.5,159.17214965820312,56.88384246826172,360.48956298828125,52.355079650878906,67.4931411743164,65.36064147949219,31.477754592895508,29.668622970581055,120.89289855957031,82.67829895019531,34.08856964111328,35.87657165527344,61.7843132019043,31.615497589111328,0.049385398626327515,0.7166044116020203,0.782154381275177,0.14018364250659943,1.0429704189300537
2022-07-04,80.8776626586914,6.900000095367432,20.730236053466797,47.504940032958984,26.785600662231445,92.94232940673828,84.6522445678711,66.54669952392578,94.68151092529297,78.42990112304688,128.71774291992188,67.15958404541016,93.61000061035156,34.02824783325195,52.08000183105469,,46.29999923706055,131.20751953125,46.63561248779297,315.3721618652344,58.00414276123047,53.04063034057617,109.70409393310547,16.199209213256836,,8.665574073791504,11.788615226745605,129.745849609375,18.697999954223633,139.07000732421875,79.3499984741211,197.20294189453125,319.22607421875,4.194435119628906,74.41486358642578,118.22846984863281,258.4833068847656,477.5619812011719,256.5566711425781,280.8299865722656,158.0726776123047,55.7882194519043,367.51513671875,54.16010284423828,70.55901336669922,65.07500457763672,30.77082061767578,29.85474967956543,121.88109588623047,82.49999237060547,33.582672119140625,35.5660285949707,64.43199157714844,30.722251892089844,0.048883263021707535,0.7157171368598938,0.7724990248680115,0.136888787150383,1.018744945526123
2022-07-11,81.63209533691406,6.159999847412109,21.199668884277344,47.517879486083984,25.999799728393555,92.30242156982422,83.9140853881836,68.9554214477539,92.52301788330078,77.10752868652344,124.6440200805664,64.5087661743164,85.33000183105469,35.660457611083984,46.599998474121094,,35.2400016784668,133.10198974609375,46.24003219604492,324.65582275390625,60.34824752807617,48.903526306152344,105.78544616699219,16.070131301879883,,8.859468460083008,11.86011791229248,129.7906036376953,18.910999298095703,147.74000549316406,81.11000061035156,187.099609375,320.31768798828125,4.158354759216309,73.6082534790039,110.72388458251953,247.91839599609375,497.9484558105469,261.8764953613281,278.4800109863281,158.02833557128906,55.22274398803711,364.16790771484375,52.918556213378906,69.82147979736328,65.11071014404297,29.747295379638672,29.5755558013916,121.3776626586914,81.49584197998047,33.131961822509766,35.36762237548828,64.19439697265625,30.695852279663086,0.04871181398630142,0.7170977592468262,0.7688522934913635,0.13555094599723816,1.0088679790496826
2022-07-18,80.88623809814453,6.090000152587891,21.593990325927734,47.194252014160156,26.94659996032715,99.5935287475586,89.83902740478516,68.28878784179688,92.01876831054688,77.34463500976562,132.9345245361328,68.9737548828125,88.51000213623047,35.51754379272461,51.650001525878906,,39.15999984741211,128.6398162841797,47.928932189941406,335.6966857910156,60.112857818603516,45.919105529785156,101.32910919189453,15.55382251739502,,9.560468673706055,12.306995391845703,128.78717041015625,22.04400062561035,158.16000366210938,88.0999984741211,190.84835815429688,317.5646057128906,4.600348472595215,75.06737518310547,106.88292694091797,251.4336395263672,504.3945617675781,274.5757751464844,285.92999267578125,152.61085510253906,54.418697357177734,373.5857238769531,53.47248077392578,74.59867858886719,65.34278869628906,30.857563018798828,30.478271484375,121.0327377319336,84.8836669921875,34.52089309692383,36.45452117919922,66.54142761230469,30.550643920898438,0.048703037202358246,0.7208765745162964,0.7742934823036194,0.1372269243001938,1.0215548276901245
2022-07-25,84.4954833984375,8.779999732971191,24.269771575927734,49.67974853515625,31.284400939941406,102.87065124511719,103.99203491210938,71.08860778808594,97.98999786376953,87.08451843261719,146.8824920654297,75.43785858154297,85.52999877929688,36.93162155151367,50.31999969482422,,40.97999954223633,124.34228515625,50.07606506347656,345.370849609375,60.67190933227539,40.45956802368164,104.85589599609375,15.81197738647461,,10.955018043518066,12.727057456970215,125.08621978759766,22.489999771118164,159.30999755859375,94.47000122070312,198.2635955810547,318.47265625,4.690907001495361,78.24842071533203,115.22357177734375,271.11492919921875,516.3106689453125,269.5157165527344,300.6000061035156,154.73886108398438,56.698299407958984,389.5658874511719,53.83538818359375,78.49373626708984,66.49431610107422,34.010536193847656,31.371686935424805,123.42860412597656,89.75428771972656,35.93281173706055,38.2487907409668,69.93590545654297,32.53954315185547,0.04913763329386711,0.727786123752594,0.7826134562492371,0.13738717138767242,1.022704005241394
2022-08-01,85.26703643798828,8.600000381469727,23.096187591552734,50.80598831176758,32.01559829711914,103.38451385498047,100.93114471435547,71.95077514648438,93.689453125,91.24314880371094,153.2840118408203,73.7998046875,94.91000366210938,35.419761657714844,74.23999786376953,,45.810001373291016,119.60287475585938,51.5685920715332,349.0022888183594,61.2603874206543,40.00386428833008,107.79032897949219,15.23112964630127,,11.409921646118164,12.834307670593262,130.31797790527344,22.67799949645996,165.0399932861328,102.30999755859375,208.08348083496094,291.06793212890625,4.7633538246154785,73.118896484375,116.36273193359375,273.21051025390625,515.7097778320312,277.3520812988281,292.07000732421875,151.71539306640625,56.000282287597656,390.96527099609375,54.523006439208984,79.2071762084961,66.62822723388672,31.694597244262695,31.353071212768555,122.54295349121094,90.2047348022461,35.463714599609375,37.71396255493164,71.293701171875,32.66275405883789,0.048966582864522934,0.7239556908607483,0.7742034792900085,0.13683128356933594,1.0180189609527588
2022-08-08,89.6694564819336,9.130000114440918,24.297935485839844,52.66128921508789,33.27399826049805,117.86979675292969,106.72815704345703,74.15506744384766,102.79161071777344,95.6935806274414,160.8876495361328,81.35591125488281,110.2300033569336,38.11254119873047,77.62999725341797,,48.7599983215332,123.55384063720703,52.203575134277344,345.83935546875,63.79084396362305,41.5943603515625,110.9708023071289,15.941054344177246,,12.186519622802734,13.227560043334961,132.0739288330078,24.93000030517578,169.99000549316406,100.83000183105469,210.7167510986328,298.5693054199219,4.718073844909668,74.94050598144531,120.53303527832031,281.9019775390625,512.4095458984375,282.0091552734375,301.54998779296875,146.5639190673828,56.28302001953125,403.8535461425781,56.881961822509766,81.90670776367188,67.40485382080078,34.0322265625,33.09336853027344,124.56591033935547,93.6958236694336,37.30794143676758,39.283935546875,73.03456115722656,33.75839614868164,0.05043942853808403,0.7295542359352112,0.7828401327133179,0.13798698782920837,1.02638840675354
2022-08-15,90.67172241210938,8.729999542236328,23.706451416015625,52.9398078918457,33.4452018737793,116.48332214355469,103.52645111083984,71.0797348022461,105.78994750976562,94.75971221923828,158.10736083984375,79.55055236816406,92.58999633789062,35.85601806640625,68.52999877929688,,43.369998931884766,122.9040298461914,51.287105560302734,345.84918212890625,59.34783172607422,38.89586639404297,116.17444610595703,15.166590690612793,,11.960566520690918,13.281185150146484,134.8294219970703,24.115999221801758,162.9199981689453,95.94999694824219,215.3158416748047,312.8058776855469,4.564126014709473,72.1219711303711,116.10517883300781,276.9259338378906,528.9298706054688,287.7677001953125,297.2799987792969,150.11940002441406,57.58185577392578,399.1634826660156,55.09604263305664,80.75941467285156,68.65455627441406,34.461585998535156,32.53497314453125,123.91334533691406,92.75735473632812,36.41112518310547,38.54208755493164,71.822265625,34.18962097167969,0.04956091195344925,0.7189072370529175,0.7697636485099792,0.13503386080265045,1.0042177438735962
2022-08-22,87.97593688964844,9.890000343322754,23.406007766723633,51.77352523803711,32.55720138549805,110.59806823730469,100.93457794189453,66.3244857788086,108.76152038574219,108.35567474365234,155.64096069335938,88.42766571044922,90.30999755859375,34.21629333496094,64.38999938964844,,44.310001373291016,118.13861846923828,48.7088623046875,324.0603332519531,56.52315139770508,38.61887741088867,114.06016540527344,15.23112964630127,,11.6065673828125,12.298055648803711,128.1298370361328,22.327999114990234,164.52999877929688,91.18000030517578,217.03509521484375,305.8185119628906,4.410176753997803,70.62417602539062,109.29993438720703,259.4481506347656,507.2683410644531,266.9722595214844,289.9599914550781,146.62928771972656,55.761722564697266,383.2494201660156,52.6797981262207,76.97522735595703,66.45860290527344,35.9274787902832,31.3809871673584,118.66485595703125,89.64167022705078,35.95121383666992,37.075626373291016,67.83134460449219,33.31398010253906,0.049974262714385986,0.7200720310211182,0.770427942276001,0.13398000597953796,0.9967108964920044
2022-08-29,87.3451919555664,10.029999732971191,23.434175491333008,50.57676696777344,32.33039855957031,107.81541442871094,99.0719985961914,58.19169998168945,101.56906127929688,97.83596801757812,150.57435607910156,80.99484252929688,88.44000244140625,31.32794761657715,58.709999084472656,,38.40999984741211,118.07794952392578,46.7786865234375,314.8839416503906,55.24812316894531,37.23387908935547,111.55406188964844,15.166590690612793,,11.418272018432617,11.833305358886719,123.5103759765625,22.611000061035156,151.82000732421875,80.23999786376953,208.39776611328125,292.02777099609375,4.464510440826416,69.25426483154297,106.83340454101562,247.80592346191406,495.14501953125,263.1253662109375,277.6700134277344,145.26361083984375,54.029930114746094,370.890869140625,51.41913986206055,74.95542907714844,64.77147674560547,34.67844009399414,30.608566284179688,116.52069091796875,86.48844909667969,34.19434356689453,35.609153747558594,64.42230224609375,32.825557708740234,0.05016655474901199,0.7133482098579407,0.7640352845191956,0.13389210402965546,0.9959167838096619
2022-09-05,90.47298431396484,10.270000457763672,23.706451416015625,52.19565200805664,34.466400146484375,111.6742935180664,101.43720245361328,61.178157806396484,101.12286376953125,94.92451477050781,153.5091552734375,83.71611022949219,101.37999725341797,32.94511795043945,65.83000183105469,,44.08000183105469,122.53142547607422,48.85287857055664,327.85772705078125,56.336795806884766,39.089637756347656,117.26799774169922,14.97297477722168,,11.614100456237793,12.111907005310059,126.03170776367188,23.35700035095215,157.52000427246094,85.44999694824219,216.20814514160156,307.8924865722656,4.591292858123779,70.86162567138672,109.60700988769531,255.93507385253906,511.80859375,270.2195739746094,285.7699890136719,147.91465759277344,55.06369400024414,384.46929931640625,53.119102478027344,79.28912353515625,66.03907012939453,34.955997467041016,31.97659683227539,121.6573257446289,89.42581939697266,35.905216217041016,37.12738037109375,66.53170776367188,34.04882049560547,0.050312694162130356,0.7146941423416138,0.7644675374031067,0.1350748986005783,1.0155377388000488
2022-09-12,86.71443176269531,9.800000190734863,23.762784957885742,50.228641510009766,33.87139892578125,104.95521545410156,98.34273529052734,55.738521575927734,93.21650695800781,90.26435089111328,144.4752655029297,75.79010772705078,107.33000183105469,27.995830535888672,58.91999816894531,,41.560001373291016,124.81880950927734,46.99190902709961,307.63079833984375,51.83495330810547,39.57859802246094,113.8141098022461,15.295668601989746,,11.086870193481445,11.778223037719727,124.51888275146484,24.01300048828125,144.2899932861328,76.51000213623047,213.27696228027344,299.3544006347656,4.192837238311768,66.50527954101562,101.83101654052734,236.85079956054688,480.8662109375,248.76577758789062,274.80999755859375,149.6016845703125,52.99094009399414,366.0721130371094,49.795589447021484,76.13645935058594,63.67350387573242,34.01921463012695,30.766765594482422,118.81401062011719,83.71998596191406,33.52748107910156,34.806922912597656,62.41472244262695,32.76836013793945,0.04993757978081703,0.7112881541252136,0.7540909647941589,0.13469283282756805,1.0015623569488525
2022-09-19,84.45067596435547,8.5600004196167,22.100093841552734,48.5618896484375,31.150400161743164,96.47152709960938,96.72652435302734,51.94285583496094,89.74520874023438,85.86972045898438,137.61143493652344,73.04242706298828,100.6500015258789,25.453489303588867,54.43000030517578,,36.790000915527344,123.95240783691406,44.19670867919922,286.5936279296875,49.13777160644531,37.351112365722656,110.75210571289062,13.746739387512207,,9.271697998046875,10.966551780700684,122.08757781982422,22.641000747680664,131.25999450683594,67.95999908447266,211.5862579345703,301.8450622558594,3.8577725887298584,60.925113677978516,97.80928039550781,230.2506866455078,444.868408203125,244.23158264160156,267.7699890136719,148.81619262695312,52.154335021972656,349.3522033691406,47.00098419189453,70.73091888427734,62.335697174072266,30.900257110595703,29.048206329345703,114.86988830566406,79.91517639160156,31.649682998657227,32.60808563232422,60.15278625488281,31.78976821899414,0.04953928291797638,0.701311469078064,0.7377406358718872,0.13034580647945404,0.9690861105918884
2022-09-26,74.69573211669922,9.420000076293945,19.858875274658203,43.79229736328125,30.055200576782227,91.45889282226562,95.91841888427734,47.852508544921875,95.34928894042969,88.1219482421875,136.97093200683594,73.8487319946289,103.26000213623047,24.483184814453125,55.310001373291016,,36.16999816894531,116.28443908691406,41.87031936645508,277.5735778808594,49.13777160644531,38.05738830566406,105.90391540527344,13.294968605041504,,8.435662269592285,10.804216384887695,113.68608093261719,23.54400062561035,121.08000183105469,63.36000061035156,203.52784729003906,313.3680725097656,3.866828441619873,58.74236297607422,94.74840545654297,225.39247131347656,450.4674377441406,248.73880004882812,267.0199890136719,145.81704711914062,49.858123779296875,339.12646484375,45.83338165283203,68.81314849853516,59.95474624633789,31.57542610168457,28.402687072753906,113.3536376953125,78.11414337158203,31.455429077148438,31.345890045166016,57.74161911010742,29.021007537841797,0.04966944828629494,0.7005794048309326,0.7269555330276489,0.13183046877384186,0.9804883003234863
2022-10-03,71.70616912841797,11.8100004196167,20.776168823242188,44.053401947021484,29.575000762939453,94.20276641845703,99.29866027832031,48.32896423339844,101.53337097167969,95.94993591308594,144.96279907226562,74.16756439208984,113.0,26.882612228393555,55.38999938964844,,36.91999816894531,120.22672271728516,43.42344284057617,288.4151611328125,52.00328826904297,38.57351303100586,111.23489379882812,13.35950756072998,,9.188846588134766,11.237109184265137,111.9030990600586,22.475000381469727,129.7899932861328,58.439998626708984,213.98448181152344,316.57586669921875,4.002665996551514,53.51838302612305,97.74983978271484,226.68930053710938,446.5376892089844,256.2926025390625,269.0400085449219,142.996337890625,48.51421356201172,344.4529113769531,46.63730239868164,67.94361877441406,59.74810791015625,35.86323547363281,28.898517608642578,114.7669448852539,80.30179595947266,32.126068115234375,30.057586669921875,58.7089958190918,28.245752334594727,0.04990841820836067,0.6981289982795715,0.730828583240509,0.13095174729824066,0.9740323424339294
2022-10-10,72.16410827636719,11.220000267028809,20.256057739257812,43.52248001098633,30.16819953918457,91.57524108886719,99.85055541992188,46.396175384521484,101.83675384521484,89.76079559326172,142.2000732421875,69.01286315917969,107.33000183105469,25.363224029541016,45.70000076293945,,33.529998779296875,125.10862731933594,40.275691986083984,282.27471923828125,51.81654739379883,36.88932418823242,105.69866943359375,13.230430603027344,,8.789660453796387,11.354348182678223,112.63252258300781,23.0,133.14999389648438,55.939998626708984,205.0623321533203,321.1598815917969,4.0298333168029785,52.824283599853516,95.64981842041016,221.19239807128906,433.6608581542969,249.1803741455078,272.6700134277344,146.7989044189453,48.932518005371094,339.55377197265625,45.91950988769531,65.34471893310547,60.67352294921875,35.19682312011719,29.010780334472656,115.96495819091797,79.90574645996094,31.534061431884766,29.396024703979492,56.77909851074219,27.532520294189453,0.04984920844435692,0.7027851343154907,0.7264538407325745,0.1307411640882492,0.9724788069725037
2022-10-17,73.98722076416016,12.59000015258789,20.568126678466797,44.514705657958984,30.996400833129883,98.93421936035156,105.04409790039062,50.081966400146484,113.99078369140625,98.30289459228516,149.9434051513672,73.40586853027344,108.5,26.220703125,54.380001068115234,,36.47999954223633,128.7146759033203,42.40970993041992,295.6506652832031,55.08948516845703,38.36526107788086,111.68179321289062,13.42404556274414,,9.181315422058105,12.147979736328125,116.6059341430664,28.957000732421875,141.32000732421875,58.81999969482422,229.6143035888672,330.2502746582031,3.8487160205841064,52.8608283996582,100.17674255371094,234.3152618408203,456.1046142578125,248.36907958984375,282.510009765625,150.59249877929688,49.80472946166992,355.3717041015625,47.99632263183594,68.78899383544922,61.913414001464844,38.11236572265625,30.114709854125977,118.43588256835938,83.63040924072266,33.4488525390625,30.17945098876953,60.44446563720703,28.046403884887695,0.05022626742720604,0.706813633441925,0.7322520017623901,0.13259610533714294,0.9862905144691467
2022-10-24,77.24464416503906,12.739999771118164,21.73128890991211,46.882083892822266,30.100000381469727,102.72521209716797,119.73787689208984,46.2523307800293,112.42021942138672,96.755615234375,157.2278594970703,72.94532012939453,110.0,26.70209503173828,55.349998474121094,,36.47999954223633,129.19606018066406,44.59464645385742,322.1484375,53.113929748535156,38.80894088745117,118.29424285888672,14.069433212280273,,9.987221717834473,12.97768783569336,122.6275863647461,29.57200050354004,143.83999633789062,62.0099983215332,236.4781951904297,348.7896728515625,4.039787769317627,56.166908264160156,95.38236999511719,228.26670837402344,488.1651611328125,269.2099609375,299.6300048828125,156.09097290039062,54.076744079589844,369.35711669921875,46.92442321777344,70.02565002441406,65.74088287353516,39.1295166015625,31.985761642456055,124.35108947753906,89.22209930419922,34.572757720947266,32.05097579956055,62.99174118041992,29.862709045410156,0.05054334178566933,0.7095469236373901,0.7396942377090454,0.13391542434692383,0.9966115355491638
2022-10-31,77.39151763916016,13.989999771118164,21.608352661132812,48.18327713012695,27.951400756835938,96.5490951538086,117.64862823486328,45.955657958984375,114.86531066894531,96.48096466064453,156.00424194335938,64.9121322631836,118.73999786376953,26.656963348388672,41.09000015258789,,30.520000457763672,127.15670013427734,43.87796401977539,311.2951965332031,55.19759750366211,37.11568832397461,115.48509979248047,13.294968605041504,,10.175518989562988,12.85142707824707,121.92021179199219,26.07900047302246,160.00999450683594,62.189998626708984,224.1562957763672,346.37664794921875,3.976097345352173,55.66460037231445,85.76390838623047,214.25352478027344,464.7922058105469,256.03118896484375,287.4700012207031,153.06500244140625,52.741737365722656,357.3275146484375,43.756568908691406,66.42193603515625,64.5549087524414,40.08087921142578,31.723812103271484,122.43238830566406,89.64645385742188,34.88263702392578,31.502582550048828,58.815948486328125,29.720951080322266,0.05125340074300766,0.7131141424179077,0.7420048713684082,0.133836567401886,0.998502254486084
2022-11-07,78.47557067871094,13.90999984741211,22.780969619750977,48.62986373901367,30.12700080871582,92.11819458007812,119.81672668457031,51.37649917602539,119.54130554199219,94.13713836669922,161.08998107910156,67.91461944580078,131.97000122070312,29.898820877075195,53.709999084472656,,33.040000915527344,131.42794799804688,48.856075286865234,331.7502746582031,61.4486083984375,42.13205337524414,115.12939453125,12.972275733947754,,10.921171188354492,13.78935718536377,127.84207916259766,29.01300048828125,177.49000549316406,72.37000274658203,209.114501953125,341.42431640625,4.321845531463623,65.37281036376953,95.50123596191406,239.14439392089844,492.56060791015625,283.8941650390625,309.7200012207031,151.07452392578125,54.57514953613281,378.3675842285156,47.87190246582031,70.08842468261719,66.05535888671875,40.830596923828125,33.55745315551758,124.60385131835938,93.85200500488281,37.57908248901367,33.7223014831543,64.72234344482422,30.15952491760254,0.05130520462989807,0.7288098335266113,0.8731870055198669,0.13921953737735748,1.037451982498169
2022-11-14,79.60935974121094,13.100000381469727,21.66509437561035,49.19691467285156,30.04960060119629,89.00589752197266,123.48761749267578,49.057132720947266,123.66864776611328,93.14449310302734,167.4044952392578,68.90658569335938,118.62999725341797,27.725048065185547,47.0099983215332,,28.270000457763672,135.64663696289062,48.57978439331055,336.0525207519531,57.576133728027344,40.8643798828125,117.07208251953125,12.907736778259277,,10.64719009399414,14.222246170043945,129.29310607910156,28.79800033569336,173.88999938964844,73.56999969482422,208.8664093017578,351.48284912109375,4.35823917388916,62.46099853515625,96.51162719726562,234.10218811035156,500.3962707519531,282.3077087402344,310.760009765625,157.2781219482422,54.414947509765625,376.0128479003906,47.40294647216797,68.10786437988281,67.09757232666016,40.1729621887207,33.089691162109375,125.95161437988281,93.76713562011719,36.99632263183594,33.12167739868164,64.21189880371094,30.500627517700195,0.05147872492671013,0.7269555330276489,0.745489776134491,0.13881176710128784,1.0346611738204956
2022-11-21,83.26363372802734,13.890000343322754,22.771514892578125,50.00132751464844,30.304000854492188,95.86072540283203,124.34606170654297,49.17400360107422,124.36959075927734,99.83573913574219,170.7188720703125,72.94532012939453,115.94000244140625,28.086090087890625,46.29999923706055,,27.700000762939453,139.7078094482422,49.9707145690918,343.48358154296875,57.40903854370117,41.51633071899414,119.99979400634766,13.42404556274414,,10.715682983398438,14.276357650756836,133.05662536621094,28.554000854492188,178.36000061035156,75.13999938964844,212.8142547607422,354.9620056152344,4.38553524017334,64.07366943359375,96.54133605957031,240.18714904785156,509.94219970703125,294.20648193359375,317.42999267578125,159.22763061523438,55.79446029663086,381.994384765625,48.04417037963867,68.90009307861328,68.50817108154297,40.27819061279297,33.781982421875,128.3663787841797,95.52104187011719,38.097103118896484,33.7745246887207,64.94593811035156,31.4265079498291,0.05174483731389046,0.7271669507026672,0.746324360370636,0.1398073434829712,1.0415581464767456
2022-11-28,82.95838928222656,13.649999618530273,22.686403274536133,50.9508056640625,32.097599029541016,96.40367126464844,124.32633972167969,47.6187744140625,114.18818664550781,95.94783020019531,169.76095581054688,70.3591079711914,125.38999938964844,26.66448402404785,48.369998931884766,,30.84000015258789,143.2438507080078,50.997642517089844,352.05877685546875,53.742958068847656,44.069793701171875,120.85713958740234,13.61766242980957,,10.548251152038574,15.051953315734863,136.58436584472656,32.04100036621094,182.8699951171875,74.9800033569336,222.34817504882812,364.2040710449219,4.594804763793945,65.50202941894531,99.49324798583984,247.49496459960938,472.5514221191406,297.4463806152344,316.1499938964844,160.700927734375,57.678043365478516,386.3429260253906,49.70945358276367,70.50871276855469,69.35272979736328,39.59424591064453,33.613590240478516,130.82794189453125,96.4922866821289,38.73998260498047,33.92250442504883,65.80152893066406,31.46637535095215,0.05160917341709137,0.7397544384002686,0.7411249876022339,0.14176152646541595,1.053851842880249
2022-12-05,84.23172760009766,11.949999809265137,22.563467025756836,51.372802734375,30.52519989013672,90.53781127929688,119.02766418457031,48.67057800292969,103.02727508544922,90.71798706054688,164.5691375732422,68.05631256103516,117.06999969482422,26.860048294067383,48.41999816894531,,29.3799991607666,142.7187042236328,51.3672981262207,341.0782470703125,53.92970275878906,42.51054763793945,118.00238037109375,14.19851016998291,,10.03073501586914,14.564950942993164,136.865478515625,32.000999450683594,179.5399932861328,68.58999633789062,215.58572387695312,350.8219909667969,4.449225425720215,61.4381103515625,91.95499420166016,238.17823791503906,461.5528869628906,290.6357421875,306.3900146484375,157.8800811767578,56.593502044677734,373.40185546875,47.316810607910156,67.35426330566406,68.1847152709961,36.24905776977539,32.30384063720703,129.14320373535156,93.4182357788086,37.4542121887207,33.33927917480469,63.63829040527344,31.37776756286621,0.050601910799741745,0.7377351522445679,0.7286505103111267,0.1416129767894745,1.0548522472381592
2022-12-12,82.47871398925781,12.979999542236328,22.762054443359375,50.30902862548828,29.24220085144043,87.3382568359375,114.45915222167969,46.86363220214844,107.26876831054688,87.38153839111328,158.40972900390625,65.2752685546875,118.5999984741211,24.024362564086914,47.540000915527344,,28.18000030517578,140.46058654785156,52.422515869140625,338.15472412109375,51.17768478393555,42.272335052490234,115.33003997802734,15.682900428771973,,9.224014282226562,14.209230422973633,136.43017578125,29.070999145507812,184.6999969482422,65.41000366210938,213.65493774414062,349.73345947265625,4.2126617431640625,59.27251434326172,89.40921783447266,237.4697723388672,440.94158935546875,293.22943115234375,300.0,157.81719970703125,56.24394607543945,365.56884765625,45.986507415771484,64.68773651123047,67.25930786132812,36.98560333251953,31.527359008789062,126.85012817382812,92.50358581542969,36.575435638427734,32.64290237426758,61.970890045166016,31.222721099853516,0.05057785287499428,0.7361602187156677,0.7277491092681885,0.14233456552028656,1.0601080656051636
2022-12-19,83.45552062988281,15.880000114440918,22.755382537841797,49.860652923583984,28.24720001220703,85.33126068115234,116.62008666992188,46.03933334350586,111.76190948486328,83.40171813964844,158.2277069091797,65.58526611328125,119.08999633789062,23.008930206298828,43.779998779296875,,24.75,142.75375366210938,52.52902603149414,335.9645080566406,49.33972930908203,43.838993072509766,118.05712127685547,15.166590690612793,,8.645608901977539,14.309165000915527,138.40716552734375,29.496000289916992,189.05999755859375,64.5199966430664,212.5463409423828,357.5373229980469,4.221759796142578,59.96366500854492,88.38892364501953,231.6856689453125,442.0882568359375,289.04876708984375,306.489990234375,159.44322204589844,57.20301055908203,365.22540283203125,45.85985565185547,62.6949348449707,68.03119659423828,38.56247329711914,31.960399627685547,127.9083480834961,93.2198486328125,36.55168533325195,32.64379119873047,60.744773864746094,31.67024040222168,0.05165502801537514,0.7402471899986267,0.733030378818512,0.14272257685661316,1.0667804479599
2022-12-26,82.81014251708984,15.65999984741211,22.116666793823242,49.45186233520508,27.749799728393555,84.23564910888672,113.5513687133789,47.953460693359375,113.9994888305664,78.30975341796875,155.99578857421875,65.10919189453125,122.12999725341797,23.731014251708984,45.209999084472656,,25.469999313354492,141.4495849609375,53.16611099243164,340.00274658203125,49.23529052734375,43.24348831176758,118.3033676147461,15.295668601989746,,8.851095199584961,14.499957084655762,137.4458770751953,29.488000869750977,190.49000549316406,64.7699966430664,213.10986328125,355.53533935546875,4.221759796142578,60.406002044677734,87.39835357666016,232.7434844970703,436.2115173339844,286.44598388671875,308.8999938964844,158.69760131835938,57.01478958129883,364.767578125,46.04214859008789,62.564151763916016,67.46109771728516,38.74408721923828,32.19575500488281,127.67339324951172,93.04933166503906,36.160667419433594,32.51173400878906,60.66676712036133,31.487117767333984,0.05136924609541893,0.7462129592895508,0.7370826601982117,0.14395324885845184,1.0728462934494019
2023-01-02,84.1881332397461,14.729999542236328,21.45888900756836,47.3331298828125,28.041200637817383,91.06137084960938,112.2489242553711,50.96138000488281,114.62850952148438,77.58362579345703,144.0889434814453,68.94282531738281,126.77999877929688,27.958221435546875,39.900001525878906,,24.31999969482422,145.77333068847656,55.95216369628906,360.0830993652344,55.92411422729492,48.27328109741211,122.86609649658203,16.457365036010742,,9.574100494384766,15.54475212097168,139.5861053466797,31.55500030517578,213.0,63.959999084472656,212.5832977294922,352.717041015625,4.394633769989014,64.30403900146484,86.5167236328125,218.2928466796875,461.40960693359375,287.96044921875,318.69000244140625,161.93174743652344,56.8265495300293,370.1566467285156,48.35433578491211,63.97373962402344,68.57412719726562,38.78394317626953,33.30659103393555,127.50423431396484,95.6074447631836,37.41288375854492,33.348079681396484,60.80815505981445,31.710433959960938,0.052303604781627655,0.7485590577125549,0.7436603307723999,0.14311474561691284,1.0665528774261475
2023-01-09,82.71418762207031,16.700000762939453,21.334959030151367,46.84080123901367,30.49139976501465,96.37457275390625,122.5798568725586,52.1918830871582,122.3297348022461,79.8814697265625,152.42279052734375,67.01708984375,115.02999877929688,27.995830535888672,43.93000030517578,,27.690000534057617,135.716796875,55.05548858642578,367.77105712890625,56.08173370361328,49.79413604736328,121.98981475830078,15.166590690612793,,9.680646896362305,14.945131301879883,136.82920837402344,33.28200149536133,214.1300048828125,71.0,206.07948303222656,351.4342041015625,4.576607704162598,65.56653594970703,91.25167083740234,232.17086791992188,463.6838073730469,300.3666076660156,317.6400146484375,155.8048095703125,55.06081008911133,380.0954895019531,50.225181579589844,67.66964721679688,67.63301849365234,39.84257888793945,34.00322723388672,127.29747009277344,97.07598876953125,39.00492477416992,34.82708740234375,63.61626052856445,31.857824325561523,0.053327079862356186,0.7586102485656738,0.746324360370636,0.14561976492404938,1.0849517583847046
2023-01-16,80.38555908203125,16.229999542236328,20.829708099365234,47.227622985839844,31.10379981994629,100.33039855957031,115.53467559814453,54.08777618408203,128.26063537597656,79.48624420166016,140.84164428710938,70.27120971679688,123.0199966430664,28.92852020263672,45.599998474121094,,27.6200008392334,132.17369079589844,54.27387237548828,368.51544189453125,57.588932037353516,48.868797302246094,116.49504852294922,14.843897819519043,,9.437108993530273,14.490870475769043,130.4694366455078,34.25,206.75999450683594,70.06999969482422,201.48806762695312,336.32220458984375,4.194465160369873,67.11469268798828,97.09605407714844,233.1316680908203,458.77215576171875,285.66607666015625,309.8699951171875,151.5914306640625,53.85077667236328,377.5964660644531,50.94473648071289,67.32087707519531,65.71461486816406,40.07733917236328,33.278350830078125,125.85018157958984,93.788330078125,38.53475570678711,34.52775955200195,64.03064727783203,30.919912338256836,0.0530228316783905,0.7580351233482361,0.7467702031135559,0.14592576026916504,1.087902545928955
2023-01-23,81.1705093383789,16.1299991607666,21.611419677734375,47.785884857177734,32.27560043334961,106.2059555053711,117.56731414794922,62.8836555480957,128.69200134277344,76.36121368408203,146.7615509033203,72.0453872680664,122.5,33.825157165527344,53.11000061035156,,29.639999389648438,129.2490692138672,56.19559097290039,366.31182861328125,62.91832733154297,48.85047912597656,123.28595733642578,14.327587127685547,,10.09922981262207,14.66348648071289,128.27928161621094,36.07699966430664,211.1699981689453,75.4000015258789,201.59890747070312,332.4641418457031,4.303648471832275,69.28950500488281,98.433349609375,240.83737182617188,480.92205810546875,287.1986999511719,309.1700134277344,151.13327026367188,54.2182731628418,386.94384765625,53.04585647583008,71.6368179321289,65.93180847167969,40.409542083740234,34.125614166259766,124.86335754394531,95.82535552978516,38.82337188720703,35.5225715637207,66.64373779296875,30.768051147460938,0.05329524725675583,0.7616146206855774,0.7498500347137451,0.14613687992095947,1.0874292850494385
2023-01-30,80.33323669433594,15.510000228881836,21.811614990234375,47.50896072387695,33.85940170288086,107.34033966064453,120.70508575439453,64.61548614501953,118.37578582763672,78.98070526123047,149.95135498046875,73.96221160888672,116.0999984741211,32.53141784667969,59.43000030517578,,31.0,128.29476928710938,56.82602310180664,366.1942443847656,61.48008728027344,45.67134094238281,124.41775512695312,14.39212703704834,,10.068785667419434,14.83610725402832,130.14093017578125,36.59000015258789,206.00999450683594,86.08999633789062,200.4441375732422,329.5290832519531,4.378605365753174,69.87005615234375,103.79234313964844,250.7266845703125,492.77679443359375,300.6296081542969,308.510009765625,147.88119506835938,53.62669372558594,393.3057861328125,55.83774948120117,73.31282043457031,66.42045593261719,38.07524490356445,34.4456787109375,124.70360565185547,97.44550323486328,38.82802963256836,36.059593200683594,69.115478515625,30.33036994934082,0.05276293307542801,0.7559149861335754,0.7458233833312988,0.14504104852676392,1.0829542875289917
2023-02-06,79.70467376708984,16.940000534057617,21.964141845703125,46.97834777832031,31.677799224853516,104.77098846435547,118.36656188964844,64.97098541259766,126.4633560180664,83.17192840576172,149.64486694335938,71.3767318725586,113.94999694824219,32.35090255737305,60.099998474121094,,27.6299991607666,134.34725952148438,56.41048049926758,359.2604064941406,58.928680419921875,43.95811080932617,126.62663269042969,13.230430603027344,,10.299019813537598,14.936042785644531,126.17125701904297,34.736000061035156,212.88999938964844,81.4800033569336,204.47203063964844,335.39898681640625,4.25977087020874,69.3724365234375,93.67857360839844,255.33656311035156,478.600341796875,287.0627746582031,309.8900146484375,145.6711883544922,53.438472747802734,389.1948547363281,52.729248046875,71.76276397705078,66.0313491821289,39.957740783691406,34.35154342651367,124.51561737060547,96.7728042602539,38.185630798339844,35.32008361816406,68.43781280517578,30.24103355407715,0.05362793058156967,0.7519927620887756,0.7470491528511047,0.1433856189250946,1.0703200101852417
2023-02-13,81.34188079833984,17.469999313354492,21.887874603271484,48.594764709472656,32.35340118408203,102.0174331665039,125.93467712402344,64.04124450683594,117.32101440429688,76.04045867919922,151.01763916015625,66.60698699951172,116.6500015258789,31.27529525756836,64.44999694824219,,35.33000183105469,133.69342041015625,56.63298416137695,353.67803955078125,58.1307373046875,41.61268615722656,129.1732177734375,13.682201385498047,,10.428466796875,14.863363265991211,127.76824188232422,34.79600143432617,211.66000366210938,78.5,207.4375457763672,320.1825256347656,4.360323429107666,71.32608032226562,93.46064758300781,251.07252502441406,485.76995849609375,288.3414001464844,308.239990234375,145.12637329101562,53.88663101196289,388.4508972167969,53.10342025756836,72.93498992919922,66.67382049560547,37.42411804199219,34.25740051269531,124.04573059082031,97.61602783203125,37.84580612182617,34.87110137939453,68.16478729248047,30.584943771362305,0.054506901651620865,0.7482229471206665,0.742225170135498,0.1436430811882019,1.0721560716629028
2023-02-20,79.59903717041016,17.389999389648438,21.315893173217773,47.65333938598633,29.53459930419922,97.24717712402344,144.8599090576172,60.24033737182617,120.16332244873047,79.03219604492188,143.8848419189453,68.53273010253906,113.38999938964844,29.41743278503418,59.20000076293945,,31.440000534057617,134.93045043945312,54.93663787841797,345.8333435058594,57.3131103515625,39.89027404785156,129.4379119873047,13.488584518432617,,9.611342430114746,14.172886848449707,127.0838394165039,31.71500015258789,198.14999389648438,78.08999633789062,205.08824157714844,313.5916748046875,4.186642169952393,68.99461364746094,88.28984069824219,242.47190856933594,467.7072448730469,269.0340270996094,304.0199890136719,141.12701416015625,53.63566207885742,378.07330322265625,51.079063415527344,69.68472290039062,65.7960433959961,37.49941635131836,33.570186614990234,120.7751693725586,95.0389633178711,37.79460144042969,33.56816864013672,66.34635162353516,29.7497501373291,0.054428283125162125,0.7409602999687195,0.7336757183074951,0.1416751593351364,1.0586491823196411
2023-02-27,78.41952514648438,19.299999237060547,20.410249710083008,46.65861511230469,30.200000762939453,98.06161499023438,149.03372192382812,58.85487365722656,127.78495788574219,79.55853271484375,151.43043518066406,73.82846069335938,114.12000274658203,29.02630615234375,61.58000183105469,,35.27000045776367,137.89039611816406,60.16737747192383,354.04034423828125,55.93397521972656,40.95304489135742,132.89727783203125,13.94035530090332,,10.582181930541992,13.882163047790527,128.62606811523438,31.51799964904785,215.11000061035156,81.5199966430664,202.9978790283203,310.4619445800781,4.406029224395752,69.97017669677734,92.76725769042969,248.3775634765625,454.9283447265625,270.6572570800781,312.45001220703125,139.36260986328125,53.277130126953125,385.52264404296875,52.53736114501953,70.8714828491211,65.64222717285156,38.65106201171875,33.88085174560547,121.39543914794922,98.22240447998047,39.38198471069336,34.11398696899414,68.32080078125,29.588966369628906,0.05573638528585434,0.7436603307723999,0.7344300746917725,0.14293065667152405,1.0651895999908447
2023-03-06,77.0463638305664,18.040000915527344,23.375036239624023,44.68250274658203,31.01420021057129,90.7220230102539,139.27113342285156,56.28446960449219,119.6292495727539,72.45772552490234,138.4992218017578,67.55203247070312,106.20999908447266,27.123308181762695,52.720001220703125,,33.0,132.2797088623047,58.46246337890625,339.94732666015625,54.111534118652344,38.992950439453125,128.3791046142578,14.069433212280273,,9.789331436157227,13.019070625305176,125.19479370117188,29.275999069213867,203.07000732421875,82.66999816894531,193.20565795898438,307.13726806640625,4.28719425201416,63.02051544189453,89.77571868896484,241.8589324951172,450.984619140625,261.5281066894531,303.6300048828125,137.18194580078125,53.07097625732422,368.08685302734375,50.13883972167969,66.94306945800781,64.34819793701172,36.600242614746094,31.000181198120117,116.6775894165039,93.79781341552734,36.3934211730957,31.781038284301758,66.19034576416016,28.771636962890625,0.05411607027053833,0.7416197061538696,0.7219173908233643,0.14296743273735046,1.065870761871338
2023-03-13,79.83668518066406,16.280000686645508,23.68008804321289,46.436580657958984,32.17679977416992,90.36328125,132.800537109375,55.646427154541016,114.38822937011719,65.49542999267578,132.49925231933594,64.82389831542969,108.13999938964844,26.38618278503418,54.529998779296875,,34.08000183105469,136.26458740234375,59.99716567993164,342.4447021484375,55.815757751464844,44.551475524902344,124.4269027709961,13.811278343200684,,9.142102241516113,12.92158317565918,130.43292236328125,30.350000381469727,201.0500030517578,97.83999633789062,185.22511291503906,320.94293212890625,4.1317949295043945,63.875274658203125,100.66212463378906,271.8638916015625,466.2138977050781,263.4280090332031,293.510009765625,137.87869262695312,54.20964813232422,373.3981018066406,52.77721405029297,68.46404266357422,65.25312042236328,34.09320068359375,29.16444969177246,118.28468322753906,91.5902328491211,35.1505126953125,31.89548110961914,69.93937683105469,29.910533905029297,0.05291173234581947,0.745712161064148,0.7263219356536865,0.1432705819606781,1.075384497642517
2023-03-20,78.41952514648438,16.790000915527344,22.503917694091797,46.045799255371094,32.48500061035156,91.21650695800781,136.21859741210938,56.825164794921875,117.00420379638672,63.990318298339844,141.2928466796875,63.98585891723633,104.9000015258789,26.52157211303711,56.63999938964844,,35.130001068115234,139.6221923828125,60.92700958251953,344.3740234375,60.24870681762695,44.90293502807617,128.1782684326172,13.42404556274414,,9.312000274658203,13.040719985961914,133.89157104492188,32.8390007019043,197.52999877929688,97.94999694824219,185.83827209472656,327.71905517578125,4.2323479652404785,62.695350646972656,104.44612884521484,272.9730529785156,474.082275390625,258.52288818359375,298.9200134277344,138.12295532226562,55.004459381103516,378.9130859375,54.499263763427734,68.7895736694336,66.3487777709961,34.86077117919922,29.31865882873535,120.10465240478516,92.1943359375,35.911190032958984,31.484086990356445,71.31524658203125,29.55510139465332,0.054269663989543915,0.7505254149436951,0.7245851755142212,0.14440642297267914,1.078283429145813
2023-03-27,80.09194946289062,19.790000915527344,23.061229705810547,47.84428024291992,34.16579818725586,97.08235931396484,144.19078063964844,60.95521545410156,126.36380767822266,66.9359130859375,145.08485412597656,66.3237075805664,107.22000122070312,28.334306716918945,61.65999984741211,,39.16999816894531,140.81503295898438,61.441307067871094,355.9109802246094,59.440921783447266,45.33763122558594,130.57884216308594,12.8431978225708,,10.193848609924316,14.598640441894531,135.68930053710938,34.54800033569336,212.42999267578125,98.01000213623047,192.3323516845703,334.82659912109375,4.488299369812012,66.60684204101562,102.75224304199219,280.4938049316406,475.6138610839844,269.5755310058594,308.7699890136719,140.24932861328125,56.02506637573242,391.9727783203125,55.76914596557617,72.6571044921875,67.93087768554688,37.07173538208008,30.416105270385742,122.14258575439453,96.2565689086914,37.71118927001953,33.14207458496094,73.78263854980469,30.454933166503906,0.05554937943816185,0.7517101764678955,0.7394262552261353,0.14554768800735474,1.0871928930282593
2023-04-03,83.52485656738281,20.59000015258789,23.128490447998047,49.278629302978516,33.704200744628906,96.9272232055664,127.7425765991211,59.36956787109375,120.01848602294922,65.98482513427734,124.05123901367188,61.07889175415039,72.69000244140625,26.438831329345703,59.08000183105469,,37.29999923706055,142.74124145507812,59.6312255859375,354.5663757324219,57.80403137207031,48.140010833740234,134.53305053710938,12.714120864868164,,9.975408554077148,14.534490585327148,138.91067504882812,33.93299865722656,211.3699951171875,92.47000122070312,191.5055389404297,359.0743713378906,4.45173454284668,66.47675323486328,107.39802551269531,283.704345703125,465.189697265625,263.6289367675781,312.510009765625,149.4333953857422,56.75664520263672,391.78125,56.69269943237305,70.41725158691406,68.52189636230469,38.03400802612305,30.264728546142578,125.97311401367188,93.01249694824219,37.229637145996094,32.89382553100586,72.83477783203125,31.408750534057617,0.05521567165851593,0.7522755861282349,0.7377351522445679,0.14641073346138,1.0997470617294312
2023-04-10,81.42111206054688,22.399999618530273,23.53206443786621,47.79987716674805,34.76599884033203,96.8593521118164,129.392333984375,58.963932037353516,119.35770416259766,71.17422485351562,123.14883422851562,65.49747467041016,81.16999816894531,26.672008514404297,64.68000030517578,,33.29999923706055,144.09002685546875,59.33433532714844,365.3170471191406,61.82148742675781,45.800071716308594,124.08390045166016,12.907736778259277,,10.129124641418457,14.580314636230469,137.79733276367188,33.862998962402344,201.7100067138672,91.75,195.05445861816406,365.3531799316406,4.479158401489258,68.83666229248047,107.84379577636719,278.3923034667969,470.2821350097656,266.8991394042969,319.739990234375,150.0577392578125,56.946319580078125,394.91217041015625,56.98130416870117,71.37439727783203,68.35823059082031,39.04102325439453,31.10672950744629,126.96373748779297,94.97225952148438,37.83743667602539,32.450504302978516,72.62956237792969,30.99483871459961,0.05556821450591087,0.7519361972808838,0.7399733662605286,0.14758622646331787,1.1104941368103027
2023-04-17,82.67102813720703,21.100000381469727,22.772966384887695,48.243953704833984,36.0,96.53939819335938,134.5391845703125,52.012916564941406,108.28726959228516,68.73649597167969,122.51522827148438,63.42289352416992,80.93000030517578,25.152618408203125,62.79999923706055,,34.59000015258789,144.82122802734375,60.61384201049805,368.0733642578125,60.340850830078125,44.04279708862305,125.1525650024414,12.52050495147705,,9.554710388183594,13.251496315002441,143.31573486328125,32.79800033569336,205.14999389648438,88.43000030517578,193.90249633789062,375.6001892089844,3.857560396194458,70.26747131347656,104.41641998291016,278.0224609375,484.68829345703125,274.0696716308594,324.3299865722656,147.20751953125,57.84952163696289,394.6632080078125,55.499778747558594,71.602783203125,69.62210083007812,38.03400802612305,31.428390502929688,126.7090072631836,95.71429443359375,37.729896545410156,32.964752197265625,72.1947250366211,31.323272705078125,0.055643968284130096,0.7492882013320923,0.7312614321708679,0.14741000533103943,1.1098779439926147
2023-04-24,81.35067749023438,20.920000076293945,22.92671012878418,47.77323532104492,41.35240173339844,99.3802261352539,147.677978515625,54.17934036254883,103.79756164550781,66.09563446044922,115.91041564941406,62.327232360839844,69.95999908447266,25.9047908782959,47.04999923706055,,31.540000915527344,134.75389099121094,60.00090408325195,372.7719421386719,63.529144287109375,43.83932113647461,124.58625030517578,12.907736778259277,,9.731383323669434,13.12319564819336,143.6004180908203,32.99300003051758,206.77999877929688,89.37000274658203,187.35263061523438,385.95440673828125,3.8603243827819824,73.60292053222656,106.32821655273438,298.94036865234375,481.6922912597656,274.5263671875,328.54998779296875,148.12136840820312,57.93983840942383,398.23455810546875,57.62586975097656,71.84085845947266,70.41315460205078,38.10113525390625,31.381086349487305,125.98250579833984,95.13397216796875,37.65976333618164,33.47012710571289,73.69470977783203,31.03533363342285,0.055600035935640335,0.749119758605957,0.732600748538971,0.1478174775838852,1.1128422021865845
2023-05-01,81.07781219482422,20.40999984741211,22.503917694091797,48.15971374511719,40.56420135498047,97.46048736572266,150.02908325195312,51.57040786743164,96.89099884033203,64.30427551269531,117.26404571533203,58.41157531738281,94.44999694824219,25.160140991210938,44.06999969482422,,32.810001373291016,131.9985809326172,60.34760284423828,377.3134765625,60.43955993652344,45.06016159057617,118.30213928222656,13.61766242980957,,9.821489334106445,12.930747032165527,143.27899169921875,32.2760009765625,198.33999633789062,89.83999633789062,183.49705505371094,417.10498046875,3.786619186401367,73.17552947998047,104.57490539550781,302.23858642578125,478.7065124511719,264.55157470703125,323.8800048828125,147.19847106933594,57.822418212890625,395.07489013671875,56.115482330322266,71.51531219482422,70.17676544189453,35.90807342529297,30.586397171020508,126.03912353515625,94.6678237915039,37.24366760253906,33.19527816772461,73.89501190185547,31.057823181152344,0.05634596571326256,0.7543753385543823,0.7421701550483704,0.1478918045759201,1.1212018728256226
2023-05-08,81.41510009765625,21.280000686645508,23.560894012451172,48.061031341552734,40.912601470947266,89.19010925292969,148.4683074951172,53.07307434082031,100.0410385131836,61.8005256652832,115.17122650146484,53.78641891479492,95.4000015258789,24.84423065185547,49.43000030517578,,32.34000015258789,131.21380615234375,60.44624328613281,374.6258544921875,60.1335563659668,42.488990783691406,121.87348937988281,13.294968605041504,,9.55936336517334,12.674147605895996,143.21470642089844,33.98899841308594,200.6999969482422,95.26000213623047,181.41600036621094,424.6610412597656,3.712914228439331,73.67725372314453,116.40235137939453,300.6040954589844,483.51220703125,265.3280029296875,322.489990234375,145.47926330566406,57.90370559692383,394.07916259765625,57.443084716796875,71.82626342773438,70.1221923828125,35.14273452758789,30.179582595825195,124.71825408935547,93.68795013427734,36.514305114746094,32.88495635986328,73.75334167480469,31.057823181152344,0.05687376484274864,0.7473841309547424,0.7324396967887878,0.1457194834947586,1.0940918922424316
2023-05-15,76.88514709472656,20.219999313354492,23.551280975341797,45.104881286621094,42.1244010925293,88.56959533691406,149.68450927734375,57.396728515625,100.71992492675781,61.5125617980957,114.36058807373047,55.63648223876953,90.38999938964844,28.823217391967773,57.9900016784668,,34.040000915527344,129.39476013183594,65.34017181396484,378.2060852050781,67.28997802734375,40.38027572631836,123.36231994628906,13.165891647338867,,9.54298210144043,13.13236141204834,140.65274047851562,36.5359992980957,205.49000549316406,105.81999969482422,186.4049835205078,432.43231201171875,3.7313404083251953,71.66421508789062,121.60285949707031,310.39739990234375,476.2701416015625,265.7025146484375,330.3900146484375,143.78720092773438,56.74761962890625,400.81011962890625,59.078548431396484,73.63371276855469,69.03109741210938,35.644004821777344,30.84183120727539,123.88798522949219,94.9246826171875,36.76209259033203,32.1047248840332,76.94384002685547,29.744064331054688,0.056205350905656815,0.7441030144691467,0.7411249876022339,0.14510208368301392,1.0824854373931885
2023-05-22,73.05686950683594,21.190000534057617,23.49363136291504,43.42269515991211,41.4203987121582,85.60273742675781,148.3787841796875,57.42438888549805,103.98133087158203,58.382118225097656,115.16923522949219,50.19407653808594,89.75,29.868738174438477,61.13999938964844,,36.0,122.66243743896484,77.83645629882812,367.2200012207031,72.9756088256836,37.62411880493164,117.3613510131836,13.42404556274414,,9.903404235839844,14.057952880859375,133.51766967773438,37.88800048828125,203.6300048828125,127.02999877929688,188.16366577148438,416.21539306640625,3.703700304031372,68.85533142089844,123.43541717529297,324.58441162109375,486.5721435546875,267.4836730957031,320.6000061035156,140.7149200439453,54.426414489746094,402.1505432128906,59.80007553100586,73.8377914428711,66.76704406738281,35.25461959838867,30.37825584411621,120.32164001464844,93.55474853515625,35.64470291137695,31.65254020690918,80.51058959960938,29.0601863861084,0.0567714087665081,0.7409054040908813,0.7454564571380615,0.1440258026123047,1.073306918144226
2023-05-29,74.12272644042969,21.649999618530273,23.75306510925293,44.60695266723633,41.244598388671875,88.00724792480469,153.18621826171875,57.350643157958984,99.82463836669922,58.437862396240234,120.08869934082031,49.2061767578125,91.30000305175781,30.267385482788086,70.63999938964844,,41.439998626708984,122.04715728759766,77.76652526855469,366.5922546386719,68.27706146240234,39.31748962402344,118.28387451171875,13.61766242980957,,10.149147033691406,13.966306686401367,134.54617309570312,40.047000885009766,213.32000732421875,117.86000061035156,193.9499969482422,432.3833923339844,3.740553140640259,70.93389129638672,123.49486541748047,327.03173828125,491.6847839355469,272.2706298828125,329.4800109863281,143.1034698486328,55.23928451538086,409.7144470214844,60.76210403442383,76.28170776367188,66.93069458007812,35.760379791259766,31.031042098999023,122.95394897460938,96.02822875976562,36.73405075073242,32.63670349121094,81.5464096069336,29.298646926879883,0.05700571462512016,0.7407956123352051,0.7501537799835205,0.1437917798757553,1.0727311372756958
2023-06-05,74.32703399658203,23.3700008392334,23.849153518676758,45.504119873046875,40.81100082397461,89.13194274902344,156.33187866210938,56.13374710083008,103.58850860595703,63.1381721496582,120.63745880126953,52.79853439331055,92.66000366210938,29.921388626098633,63.81999969482422,,43.849998474121094,123.21528625488281,77.05973052978516,362.1683654785156,64.58534240722656,38.72898483276367,119.5626220703125,13.294968605041504,,11.254982948303223,14.470341682434082,134.5828857421875,42.00199890136719,217.30999755859375,124.91999816894531,201.26939392089844,436.010009765625,3.685274124145508,75.93372344970703,121.07787322998047,318.6365966796875,496.18353271484375,273.56787109375,335.2900085449219,145.8749542236328,54.61608123779297,411.61016845703125,60.81020736694336,78.32235717773438,66.47606658935547,36.400390625,31.362163543701172,123.04830169677734,97.41719818115234,36.93508529663086,32.91155242919922,81.111572265625,29.870037078857422,0.05791394039988518,0.7444908022880554,0.746268630027771,0.1442626714706421,1.076658010482788
2023-06-12,75.43731689453125,23.959999084472656,24.079769134521484,45.75979995727539,40.65840148925781,88.54051208496094,159.83360290527344,59.27738952636719,104.33763885498047,66.20355987548828,122.52436828613281,53.94807815551758,92.3499984741211,30.440385818481445,67.62999725341797,,43.7400016784668,123.6255111694336,83.14027404785156,369.3387451171875,66.78654479980469,40.94287872314453,118.73143768310547,13.55312442779541,,11.81199836730957,16.218538284301758,137.3193817138672,43.19599914550781,219.99000549316406,120.08000183105469,206.7566375732422,437.6424255371094,3.9432435035705566,75.28768157958984,122.3656005859375,333.7888488769531,502.293701171875,276.35552978515625,338.30999755859375,149.72213745117188,56.12411880493164,422.326416015625,62.30136489868164,80.83917999267578,67.8945083618164,36.19003677368164,31.76897621154785,124.73714447021484,100.31879425048828,38.220802307128906,33.416934967041016,84.61968231201172,30.279464721679688,0.05859878286719322,0.7465472221374512,0.7562580704689026,0.14689680933952332,1.0962508916854858
2023-06-19,74.15825653076172,23.329999923706055,24.31614875793457,43.57073211669922,40.873600006103516,85.41851043701172,158.83456420898438,56.220314025878906,101.67916107177734,65.54403686523438,120.32939147949219,52.77157974243164,88.19000244140625,28.477218627929688,63.40999984741211,,38.619998931884766,121.20003509521484,79.15808868408203,372.55609130859375,64.4372787475586,38.841087341308594,121.27066040039062,13.165891647338867,,11.484344482421875,15.249303817749023,136.32765197753906,42.402000427246094,205.41000366210938,110.01000213623047,202.81179809570312,448.5221862792969,3.6668481826782227,71.4207763671875,121.18682098388672,326.66119384765625,503.0514221191406,276.75115966796875,335.25,150.8616943359375,55.69638442993164,416.3200988769531,61.728023529052734,80.54901123046875,67.56118774414062,34.928531646728516,31.113262176513672,125.05162811279297,98.64727783203125,37.4310302734375,32.100162506103516,82.57405853271484,29.493484497070312,0.0583161786198616,0.7403568625450134,0.7569449543952942,0.14630363881587982,1.0933741331100464
2023-06-26,74.7889175415039,24.1200008392334,25.430234909057617,43.67838668823242,42.779998779296875,86.56259155273438,162.42529296875,57.66496658325195,107.16053771972656,64.4850845336914,114.89005279541016,53.510520935058594,89.25,28.529869079589844,65.37000274658203,,40.13999938964844,120.13890838623047,83.51773834228516,385.7884521484375,62.295291900634766,39.84994888305664,120.90531158447266,13.10135269165039,,12.393589973449707,15.507766723632812,139.33956909179688,44.04899978637695,211.16000366210938,113.91000366210938,212.75796508789062,458.4341735839844,3.8326847553253174,75.73712158203125,118.57170867919922,332.04351806640625,516.4229736328125,285.79498291015625,341.0,150.898193359375,54.80451583862305,425.99749755859375,62.71089553833008,82.67168426513672,67.91831970214844,36.64876174926758,32.035064697265625,125.74321746826172,102.50605773925781,38.934471130371094,33.7382926940918,85.12496185302734,29.679439544677734,0.05844432860612869,0.7398091554641724,0.7647130489349365,0.14654162526130676,1.0918222665786743
2023-07-03,74.86885833740234,24.049999237060547,25.866178512573242,43.71875762939453,41.549198150634766,85.94207763671875,158.11241149902344,56.18303298950195,104.94969177246094,66.74232482910156,115.5062026977539,55.17791748046875,87.62000274658203,28.334306716918945,62.36000061035156,,46.130001068115234,120.82553100585938,81.5266342163086,381.8080139160156,59.97970199584961,39.45760726928711,119.98273468017578,13.294968605041504,,12.27071762084961,15.572380065917969,136.63986206054688,43.810001373291016,212.10000610351562,113.16999816894531,209.62640380859375,441.9142150878906,3.823471784591675,74.72592163085938,118.3537826538086,328.8063659667969,503.6365966796875,278.5912170410156,340.8999938964844,145.18206787109375,54.385887145996094,421.4518737792969,62.68198776245117,82.45745849609375,67.2681655883789,36.47719955444336,31.92103385925293,122.20955657958984,101.43630981445312,38.16864776611328,33.82780838012695,83.8274917602539,29.656763076782227,0.0583682544529438,0.7410700917243958,0.7523888349533081,0.14724721014499664,1.0975743532180786
2023-07-10,77.47135925292969,25.040000915527344,25.517425537109375,44.80432891845703,41.119598388671875,85.92269134521484,162.0098419189453,57.38534927368164,103.67073822021484,68.49797821044922,119.95392608642578,54.90605545043945,86.52999877929688,29.831125259399414,66.54000091552734,,46.630001068115234,122.62482452392578,85.5541000366211,395.3935241699219,63.371788024902344,42.017120361328125,106.75594329833984,13.036813735961914,,12.27071762084961,15.572380065917969,137.78770446777344,44.191001892089844,213.1199951171875,115.94000244140625,213.4590606689453,439.35308837890625,3.6668481826782227,74.88507843017578,124.23777770996094,336.6262512207031,524.4036254882812,291.1862487792969,341.0899963378906,145.74729919433594,55.423370361328125,431.7635498046875,64.70552825927734,85.15946197509766,68.01904296875,36.775184631347656,32.54823684692383,124.76744079589844,103.7381820678711,39.117698669433594,34.72296142578125,86.16785430908203,30.318925857543945,0.05974429100751877,0.7574036121368408,0.7561436891555786,0.15074089169502258,1.1248594522476196
2023-07-17,78.10201263427734,26.18000030517578,27.474342346191406,46.64799880981445,41.97740173339844,84.52651977539062,163.00889587402344,55.558570861816406,112.35867309570312,73.42121887207031,122.33181762695312,58.23177719116211,89.25,28.80817413330078,66.56999969482422,,48.7599983215332,129.5941162109375,86.34073638916016,390.46221923828125,64.9244384765625,40.36371612548828,113.70297241210938,13.165891647338867,,11.410622596740723,15.932381629943848,141.31712341308594,42.75,211.8000030517578,110.94999694824219,216.46905517578125,451.6502380371094,3.629995107650757,77.066650390625,118.8886947631836,335.19293212890625,535.1085205078125,294.8387145996094,345.760009765625,155.15565490722656,56.82487106323242,434.5505065917969,63.17341613769531,83.24127960205078,69.25525665283203,38.06199264526367,33.508052825927734,129.06846618652344,104.63603973388672,39.34791564941406,34.55287170410156,86.23638153076172,31.049114227294922,0.05886462703347206,0.7518231272697449,0.755972146987915,0.14933620393276215,1.1134617328643799
2023-07-24,75.87255859375,25.709999084472656,26.854326248168945,46.325016021728516,38.25040054321289,83.50847625732422,171.90176391601562,59.1375846862793,117.91313171386719,75.4555435180664,126.06714630126953,61.38532257080078,93.0999984741211,31.613773345947266,66.93000030517578,,48.290000915527344,136.00437927246094,86.6334228515625,386.0123596191406,70.41310119628906,39.6257438659668,114.2879867553711,13.165891647338867,,10.98003101348877,15.932381629943848,144.5329132080078,42.577999114990234,238.69000244140625,112.95999908447266,215.42208862304688,448.1702575683594,3.652298927307129,75.8494644165039,131.33029174804688,329.9277038574219,540.3457641601562,304.8669128417969,349.80999755859375,159.06668090820312,56.86128234863281,439.1057434082031,66.30510711669922,84.10787963867188,69.68563842773438,38.761817932128906,33.45103454589844,128.07373046875,105.21868133544922,40.062049865722656,33.917327880859375,87.12261199951172,30.40509605407715,0.05997145175933838,0.7516536712646484,0.7548308968544006,0.14784806966781616,1.103265643119812
2023-07-31,72.15973663330078,24.989999771118164,27.648717880249023,43.79949951171875,37.812198638916016,83.67329406738281,175.59141540527344,62.250579833984375,116.84711456298828,75.46481323242188,124.5653305053711,59.32827377319336,96.79000091552734,32.681854248046875,69.5199966430664,,35.11000061035156,133.19142150878906,84.88687896728516,384.4308166503906,69.13735961914062,38.17784881591797,115.66825103759766,13.165891647338867,,10.673650741577148,16.033918380737305,143.48870849609375,43.15999984741211,231.36000061035156,115.81999969482422,212.0475311279297,439.3824157714844,3.6337125301361084,77.13218688964844,126.90243530273438,319.6018371582031,529.52587890625,300.3220520019531,349.989990234375,154.1072235107422,55.25044631958008,429.3898620605469,64.64772033691406,83.51878356933594,68.35786437988281,39.24492645263672,33.17544174194336,125.43059539794922,103.38478088378906,39.26335144042969,33.18330383300781,83.80299377441406,29.021808624267578,0.05860427767038345,0.7470491528511047,0.7473283410072327,0.14776505529880524,1.102657437324524
2023-08-07,72.7918472290039,25.8700008392334,29.198749542236328,43.68527603149414,36.930999755859375,86.31051635742188,176.10581970214844,62.306488037109375,128.0539093017578,74.21080017089844,123.59298706054688,60.25258255004883,92.30000305175781,31.50094985961914,63.61000061035156,,35.790000915527344,137.2034912109375,79.89080047607422,387.9966735839844,63.65858840942383,37.542640686035156,116.85655212402344,13.230430603027344,,10.052608489990234,16.246227264404297,145.09658813476562,42.16600036621094,235.72000122070312,107.56999969482422,212.08489990234375,516.4006958007812,3.6151254177093506,78.8924331665039,128.33876037597656,313.00079345703125,540.0004272460938,304.6277160644531,358.3500061035156,158.49234008789062,55.66908264160156,428.2750244140625,64.67662048339844,82.62785339355469,68.49522399902344,40.59041976928711,33.1849479675293,128.5284423828125,104.00564575195312,38.8640022277832,33.469749450683594,81.71721649169922,29.28485870361328,0.05883079767227173,0.7398638129234314,0.7442137002944946,0.14694428443908691,1.0964912176132202
2023-08-14,70.91617584228516,25.059999465942383,28.927499771118164,43.354156494140625,36.98400115966797,83.34364318847656,175.03005981445312,59.976409912109375,123.00762939453125,73.80000305175781,117.89881134033203,55.70350646972656,90.47000122070312,29.891298294067383,58.97999954223633,,32.720001220703125,135.36424255371094,79.51336669921875,385.2363586425781,62.887203216552734,35.6837272644043,122.42333221435547,13.35950756072998,,9.903557777404785,15.692380905151367,140.95675659179688,40.452999114990234,226.64999389648438,105.44999694824219,205.13006591796875,535.2875366210938,3.540778398513794,76.58177185058594,126.25856018066406,309.23712158203125,522.71533203125,301.1868591308594,352.55999755859375,157.25245666503906,55.468868255615234,419.4818420410156,62.69162368774414,79.19070434570312,66.865234375,40.0982780456543,32.291656494140625,126.5010986328125,101.4745101928711,37.976016998291016,32.395565032958984,80.76737976074219,28.795040130615234,0.05867449566721916,0.7361602187156677,0.737136960029602,0.14592576026916504,1.0889687538146973
2023-08-21,71.19439697265625,26.1200008392334,29.179378509521484,43.00035858154297,37.53559875488281,80.82278442382812,180.01197814941406,60.04165267944336,122.58403015136719,68.69331359863281,118.2077407836914,55.24135208129883,98.91000366210938,29.703256607055664,62.20000076293945,,28.860000610351562,132.25376892089844,82.0147705078125,395.766845703125,63.01577377319336,35.78649139404297,121.18932342529297,13.230430603027344,,9.862154960632324,15.3416109085083,141.88084411621094,41.60300064086914,223.41000366210938,102.25,205.45497131347656,542.3602905273438,3.531485080718994,76.42144775390625,128.65576171875,315.58837890625,513.198974609375,297.0375671386719,355.92999267578125,152.66412353515625,54.959224700927734,422.81646728515625,62.99996566772461,80.1644058227539,66.3158187866211,39.54743576049805,32.30115509033203,126.38742065429688,101.76104736328125,37.96193313598633,32.62830352783203,82.60343170166016,28.858537673950195,0.05973644182085991,0.7377351522445679,0.7349698543548584,0.14484566450119019,1.079563856124878
2023-08-28,69.56999969482422,26.739999771118164,30.797224044799805,42.791709899902344,38.77220153808594,79.15514373779297,184.1817169189453,68.69092559814453,123.00762939453125,73.94938659667969,122.42669677734375,58.53080749511719,98.2699966430664,34.56980514526367,63.9900016784668,,26.760000228881836,133.61517333984375,84.00779724121094,408.2226257324219,69.612060546875,36.729957580566406,123.84017181396484,13.294968605041504,,10.052608489990234,16.597000122070312,142.77716064453125,43.987998962402344,223.39999389648438,109.44999694824219,207.62657165527344,545.7498168945312,3.708059310913086,77.93987274169922,134.38124084472656,321.1383972167969,523.0399169921875,308.39703369140625,362.4599914550781,147.36563110351562,53.97636032104492,433.5990295410156,64.65735626220703,82.60350799560547,66.05941772460938,40.96968078613281,32.966365814208984,126.53898620605469,103.91967010498047,39.380802154541016,33.12063217163086,86.27066040039062,28.40953254699707,0.05855932459235191,0.7392622232437134,0.7370283007621765,0.14458389580249786,1.0796804428100586
2023-09-04,69.76744079589844,24.850000381469727,32.996334075927734,43.21353530883789,38.902000427246094,79.09696197509766,185.0830078125,60.927093505859375,130.8164520263672,78.17852783203125,116.41204833984375,56.981239318847656,97.58000183105469,32.696903228759766,62.68000030517578,,26.850000381469727,134.35447692871094,82.56647491455078,407.50555419921875,69.40437316894531,36.55529022216797,124.09610748291016,13.230430603027344,,10.185097694396973,16.006227493286133,141.31712341308594,44.279998779296875,211.27000427246094,106.08999633789062,198.20693969726562,574.501220703125,3.754526376724243,77.90215301513672,135.09446716308594,326.6200256347656,529.70947265625,304.3508605957031,363.1499938964844,147.43911743164062,53.08448791503906,428.15020751953125,64.52245330810547,82.1556167602539,65.65650177001953,41.561161041259766,32.59575271606445,125.10850524902344,100.8918685913086,38.431758880615234,32.78047561645508,84.60106658935547,28.654443740844727,0.056877970695495605,0.7330840826034546,0.7322788834571838,0.14347614347934723,1.0713521242141724
2023-09-11,71.83157348632812,27.18000030517578,31.882247924804688,44.63328552246094,38.25,82.9752197265625,185.88525390625,59.41719055175781,132.30824279785156,76.6474609375,110.24290466308594,58.02334976196289,102.66000366210938,32.794681549072266,62.7599983215332,,24.31999969482422,137.14938354492188,82.00128936767578,406.98486328125,69.1076889038086,38.06544876098633,126.82007598876953,13.230430603027344,,10.441793441772461,15.868484497070312,141.816162109375,39.694000244140625,208.11000061035156,101.48999786376953,198.96839904785156,563.9214477539062,3.652298927307129,79.57147979736328,136.10484313964844,322.6627197265625,534.6779174804688,297.5826110839844,367.8599853515625,148.25636291503906,53.14789962768555,427.5869140625,65.05242156982422,83.63562774658203,65.97701263427734,41.54309844970703,33.09941864013672,125.23165893554688,100.29010772705078,38.38947296142578,32.93265914916992,82.69644927978516,29.45267105102539,0.058601874858140945,0.7336757183074951,0.7388798594474792,0.14292043447494507,1.067463755607605
2023-09-18,71.05078887939453,27.40999984741211,32.381752014160156,43.79413986206055,37.511600494384766,78.77701568603516,168.75071716308594,61.42106628417969,133.77243041992188,78.61732482910156,110.75459289550781,56.17472839355469,95.05999755859375,33.95302963256836,57.7599983215332,,24.219999313354492,137.7083740234375,80.26008605957031,395.108642578125,68.11874389648438,38.45242691040039,130.95175170898438,12.972275733947754,,10.292744636535645,15.822004318237305,140.06967163085938,37.98099899291992,197.7100067138672,96.19999694824219,189.03173828125,539.3135986328125,3.6151254177093506,78.11905670166016,129.02227783203125,309.7550048828125,536.8211059570312,283.0738525390625,360.1600036621094,147.384033203125,52.83601760864258,415.09796142578125,63.38896942138672,78.48782348632812,64.66328430175781,40.62159729003906,32.13053894042969,123.80477905273438,97.62018585205078,36.99774932861328,31.192142486572266,80.67002868652344,28.936933517456055,0.05814359337091446,0.7323861122131348,0.7413448095321655,0.142846941947937,1.0673497915267944
2023-09-25,67.50589752197266,30.389999389648438,32.34275436401367,41.95709991455078,36.636600494384766,78.5831069946289,168.7803955078125,62.12757873535156,130.49417114257812,80.04570770263672,113.61228942871094,56.444725036621094,93.63999938964844,34.32159423828125,63.040000915527344,,24.030000686645508,134.3905029296875,80.40528869628906,388.91021728515625,67.27812957763672,34.87523651123047,127.33198547363281,12.972275733947754,,10.284462928771973,16.147367477416992,134.78402709960938,37.7599983215332,191.67999267578125,102.81999969482422,192.322021484375,526.1771850585938,3.4757251739501953,77.26081085205078,129.6265106201172,308.52386474609375,542.9428100585938,279.76837158203125,350.29998779296875,143.02218627929688,51.350006103515625,412.2625427246094,63.34068298339844,78.51220703125,63.43711853027344,41.11281967163086,31.662799835205078,122.4635009765625,97.22696685791016,37.082725524902344,30.740995407104492,80.43450164794922,26.943492889404297,0.057458385825157166,0.7322788834571838,0.7359434366226196,0.1417997181415558,1.0587612390518188
2023-10-02,64.78662872314453,29.709999084472656,30.744142532348633,41.72576141357422,36.44540023803711,80.41557312011719,167.14620971679688,62.221797943115234,116.515625,75.53649139404297,110.8994140625,53.657222747802734,90.4800033569336,34.9007682800293,62.54999923706055,,22.989999771118164,133.65122985839844,81.826416015625,391.50048828125,69.3022232055664,35.67750549316406,130.6798553466797,13.10135269165039,,9.93667984008789,15.645377159118652,133.14845275878906,38.1510009765625,187.3800048828125,107.23999786376953,190.3854522705078,553.6943969726562,3.3084442615509033,76.8458480834961,136.28317260742188,319.7704772949219,535.802490234375,271.12054443359375,346.3399963378906,144.75772094726562,48.74489212036133,414.2492980957031,64.6351089477539,78.33174896240234,61.464229583740234,38.993282318115234,31.538707733154297,123.67158508300781,96.65154266357422,36.8183479309082,30.280826568603516,82.53944396972656,26.17537498474121,0.05510522052645683,0.7336218357086182,0.7309941649436951,0.14197689294815063,1.06022047996521
2023-10-09,66.8327865600586,31.059999465942383,30.84161949157715,42.43336868286133,35.629600524902344,81.78266143798828,157.321044921875,64.46385192871094,116.07360076904297,78.93475341796875,107.19215393066406,55.21091842651367,93.56999969482422,34.37424087524414,61.15999984741211,,22.940000534057617,134.73403930664062,85.49729919433594,391.55950927734375,68.55928039550781,37.215980529785156,141.7390594482422,13.165891647338867,,9.779349327087402,15.320016860961914,133.702880859375,35.56800079345703,184.91000366210938,105.08999633789062,211.35870361328125,596.7776489257812,3.261976957321167,80.30713653564453,136.0652313232422,320.229736328125,544.7496337890625,270.28729248046875,345.0899963378906,144.03228759765625,48.51557159423828,416.13946533203125,64.78968811035156,77.53189849853516,61.58407974243164,40.74894332885742,31.70098304748535,123.84283447265625,97.58180236816406,36.65312576293945,30.98461151123047,82.7406234741211,27.112659454345703,0.05532105639576912,0.7299270033836365,0.7317429780960083,0.14093241095542908,1.0516352653503418
2023-10-16,65.82766723632812,30.59000015258789,31.124300003051758,42.22017288208008,36.625,80.13439178466797,152.09156799316406,62.82469940185547,120.79756927490234,77.46900939941406,111.61383056640625,54.28783416748047,90.0,32.23807144165039,59.380001068115234,,21.520000457763672,133.1586456298828,82.63670349121094,378.16094970703125,66.5879898071289,36.621360778808594,141.63845825195312,13.10135269165039,,9.638581275939941,14.157998085021973,137.6712188720703,40.09600067138672,180.0399932861328,101.80999755859375,205.9626007080078,572.7183227539062,2.9552955627441406,79.1187744140625,134.3218536376953,319.1939697265625,531.3816528320312,265.1855773925781,335.8599853515625,140.4969024658203,50.05662536621094,406.19647216796875,64.25836181640625,73.98133087158203,62.01737594604492,41.053688049316406,30.73687744140625,121.8166732788086,94.65674591064453,35.54842758178711,29.549972534179688,80.43940734863281,26.531999588012695,0.05488444119691849,0.7283851504325867,0.7284382581710815,0.14195874333381653,1.060333013534546
2023-10-23,67.24561309814453,29.239999771118164,31.2120304107666,41.44907760620117,37.751800537109375,76.91544342041016,174.23770141601562,64.24718475341797,113.78067779541016,74.57489013671875,121.2874984741211,50.7143440246582,88.2699966430664,29.312129974365234,55.349998474121094,,20.540000915527344,126.51122283935547,81.158447265625,358.1614074707031,65.03275299072266,36.78180694580078,140.01019287109375,12.068734169006348,,8.247443199157715,14.13940715789795,136.84359741210938,39.7869987487793,179.69000244140625,96.43000030517578,200.35028076171875,548.8060913085938,3.051051616668701,76.72323608398438,121.01841735839844,322.2621154785156,521.867431640625,255.9728546142578,331.7099914550781,133.70164489746094,50.67121887207031,396.0605773925781,60.94499206542969,72.95714569091797,61.381256103515625,38.492950439453125,30.020957946777344,117.13654327392578,92.48932647705078,35.38319396972656,29.189054489135742,79.05572509765625,26.852046966552734,0.05524800717830658,0.7308873534202576,0.7205129861831665,0.14155283570289612,1.0579770803451538
2023-10-30,71.54439544677734,28.15999984741211,34.107093811035156,44.53348159790039,40.81060028076172,82.48074340820312,186.0140380859375,68.09071350097656,116.42353820800781,76.13397979736328,123.73967742919922,51.38151931762695,94.6500015258789,32.35090255737305,64.41999816894531,,24.760000228881836,128.77862548828125,85.44890594482422,379.7743225097656,71.89759063720703,36.82900619506836,142.89163208007812,12.262349128723145,,8.880623817443848,14.808727264404297,139.54959106445312,43.236000061035156,195.0500030517578,112.25,219.941650390625,556.2315063476562,3.248196601867676,83.41942596435547,127.88311767578125,344.7259216308594,540.0304565429688,273.7037658691406,351.80999755859375,138.97256469726562,52.047149658203125,419.2159423828125,65.26300811767578,78.14153289794922,63.38180923461914,39.42536926269531,32.245086669921875,121.19835662841797,97.43795013427734,37.19601821899414,31.67937469482422,84.27640533447266,28.283123016357422,0.05731020122766495,0.7397544384002686,0.7315824031829834,0.14383316040039062,1.0738831758499146
2023-11-06,70.52568817138672,26.760000228881836,33.60995864868164,43.82135772705078,42.411598205566406,85.58333587646484,185.88525390625,68.22260284423828,112.96112060546875,74.2481460571289,118.6711654663086,48.941307067871094,90.27999877929688,33.847721099853516,63.08000183105469,,25.200000762939453,126.20159149169922,92.69388580322266,387.9688720703125,74.65144348144531,32.27965545654297,146.71527099609375,11.552424430847168,,8.291946411132812,14.836614608764648,140.79566955566406,44.7239990234375,196.64999389648438,118.58999633789062,216.15309143066406,585.5217895507812,3.276359796524048,81.08991241455078,131.3402099609375,361.2099304199219,555.6469116210938,269.981689453125,350.55999755859375,135.216796875,52.0287971496582,424.92510986328125,66.14208221435547,78.71702575683594,63.57541275024414,37.938045501708984,32.369178771972656,120.11392974853516,98.34903717041016,36.520931243896484,31.029727935791016,88.08393859863281,27.579015731811523,0.0567166693508625,0.7350779175758362,0.7247952818870544,0.1433013677597046,1.0715816020965576
2023-11-13,70.24431610107422,26.59000015258789,33.98037338256836,45.48737335205078,43.24440002441406,91.28437805175781,193.35519409179688,71.48204803466797,115.21467590332031,72.67969512939453,122.84757995605469,51.67397689819336,94.98999786376953,35.06623840332031,72.69000244140625,,28.899999618530273,125.93755340576172,94.65034484863281,393.7926330566406,76.83078002929688,34.308929443359375,144.1356658935547,11.681501388549805,,8.636743545532227,14.808727264404297,140.4794921875,46.590999603271484,208.0399932861328,120.62000274658203,222.56446838378906,580.71533203125,3.3420748710632324,83.10363006591797,134.0345916748047,362.1192626953125,555.6757202148438,284.49969482421875,358.92999267578125,137.5492401123047,52.52414321899414,434.7428283691406,67.68767547607422,81.51651763916016,64.06404113769531,38.520240783691406,33.41919708251953,121.99740600585938,101.28369140625,37.894718170166016,32.45534896850586,89.69332885742188,28.479721069335938,0.0580935999751091,0.7442137002944946,0.7289161086082458,0.1463678777217865,1.0918222665786743
2023-11-20,71.2518310546875,31.889999389648438,33.98037338256836,46.40069580078125,44.39339828491211,93.13623809814453,197.16319274902344,71.67048645019531,116.00375366210938,73.5241470336914,117.97821044921875,51.17131042480469,92.23999786376953,35.05119323730469,73.4000015258789,,28.8799991607666,126.27446746826172,94.76069641113281,405.79425048828125,76.14724731445312,35.47929763793945,149.76133728027344,12.585042953491211,,8.746068954467773,14.715765953063965,140.7677764892578,47.95600128173828,220.0,122.30999755859375,225.28317260742188,589.9307250976562,3.3326871395111084,85.12683868408203,135.40155029296875,369.5408630371094,569.3571166992188,287.6755676269531,362.67999267578125,141.15921020507812,53.72578811645508,439.0921936035156,68.54742431640625,82.05299377441406,64.91219329833984,38.62940216064453,33.77238082885742,124.73700714111328,101.9837875366211,38.29600143432617,32.77114486694336,90.4832992553711,28.662607192993164,0.0584733746945858,0.746324360370636,0.7329766154289246,0.1467609852552414,1.09505033493042
2023-11-27,73.07623291015625,31.09000015258789,35.36453628540039,46.82752990722656,44.67660140991211,89.76216888427734,194.9716339111328,74.59080505371094,117.32198333740234,71.60065460205078,115.87751770019531,50.860572814941406,104.05000305175781,36.397586822509766,78.77999877929688,,30.850000381469727,130.59075927734375,90.02977752685547,407.6240539550781,75.21610260009766,39.27381896972656,148.6087646484375,11.810578346252441,,8.897443771362305,15.701154708862305,141.9580078125,46.57400131225586,233.8699951171875,121.38999938964844,225.6612548828125,573.1876831054688,3.276359796524048,84.9748764038086,130.61708068847656,366.681884765625,574.0650634765625,297.9216613769531,357.07000732421875,146.60194396972656,54.21830749511719,442.7569274902344,67.53311920166016,83.4429931640625,65.4100341796875,38.67033386230469,34.5264778137207,125.40287780761719,104.28545379638672,39.34876251220703,34.29601287841797,91.05736541748047,29.04666519165039,0.058235011994838715,0.7501313090324402,0.7410151958465576,0.14600245654582977,1.0894432067871094
2023-12-04,72.28657531738281,30.389999389648438,36.02737808227539,46.81835174560547,44.85900115966797,90.28815460205078,192.39329528808594,75.9190673828125,113.94287109375,71.8352279663086,116.70037078857422,49.73643112182617,107.69000244140625,35.99893569946289,77.5199966430664,,31.049999237060547,135.93605041503906,91.41409301757812,405.4598693847656,74.25521087646484,37.252933502197266,147.4287567138672,11.681501388549805,,9.25905990600586,15.078313827514648,134.97451782226562,45.375999450683594,244.6999969482422,128.9199981689453,233.36477661132812,586.9373779296875,2.9853367805480957,83.32209777832031,133.71759033203125,366.40771484375,588.0545654296875,304.3066101074219,353.0799865722656,142.93643188476562,54.190574645996094,443.81781005859375,68.083740234375,84.46719360351562,64.63560485839844,37.40134048461914,34.48830032348633,125.63116455078125,104.4964599609375,38.67839050292969,34.19676208496094,91.58729553222656,28.991798400878906,0.05769208446145058,0.7459902763366699,0.7357268929481506,0.14438140392303467,1.077470064163208
2023-12-11,74.63742065429688,28.610000610351562,36.72921371459961,46.29972457885742,45.42940139770508,90.91069793701172,201.67529296875,79.39520263671875,119.35501861572266,71.53498077392578,129.4691619873047,50.16597366333008,120.97000122070312,38.12005615234375,85.05000305175781,,35.470001220703125,140.2705535888672,109.36583709716797,411.765625,80.64457702636719,38.95924377441406,140.33038330078125,11.294269561767578,,10.108437538146973,15.665360450744629,133.86793518066406,47.20600128173828,264.2699890136719,139.14999389648438,239.659912109375,561.4107666015625,3.0604395866394043,86.23819732666016,131.35009765625,362.9808654785156,634.3070068359375,329.9676818847656,356.5,143.62139892578125,54.18132781982422,454.4579162597656,68.60537719726562,87.40321350097656,65.6773910522461,38.34286117553711,35.652862548828125,127.61927795410156,108.39012145996094,40.20796203613281,36.09156799316406,94.06022644042969,29.247840881347656,0.05818350985646248,0.7499062418937683,0.7465472221374512,0.14616890251636505,1.090869426727295
2023-12-18,72.95823669433594,29.84000015258789,37.2708740234375,45.996822357177734,46.08700180053711,88.5372543334961,206.0386199951172,80.89917755126953,122.72484588623047,75.48516845703125,129.3820343017578,52.158363342285156,124.55000305175781,39.60935974121094,84.31999969482422,,36.90999984741211,141.09011840820312,109.11405944824219,417.20574951171875,85.67680358886719,40.09360885620117,144.3094940185547,11.036115646362305,,10.385957717895508,16.012022018432617,135.09536743164062,48.67599868774414,260.44000244140625,139.60000610351562,242.06076049804688,559.7913818359375,3.154317855834961,85.44979095458984,140.15631103515625,366.75030517578125,646.6115112304688,324.9249267578125,356.4700012207031,143.8990936279297,53.92244338989258,458.6410827636719,70.3135986328125,87.69149017333984,66.15670776367188,39.02339553833008,35.81978225708008,129.01239013671875,109.0892333984375,40.693336486816406,36.22926330566406,94.43985748291016,28.900312423706055,0.05896191671490669,0.7550019025802612,0.7522190809249878,0.14771921932697296,1.102657437324524
2023-12-25,73.72069549560547,29.510000228881836,37.76102828979492,46.44200897216797,45.739200592041016,87.82716369628906,203.95614624023438,81.0986557006836,120.68252563476562,74.59380340576172,125.03544616699219,51.961082458496094,125.94999694824219,39.39122772216797,83.26000213623047,,36.689998626708984,141.117431640625,108.55681610107422,419.57659912109375,84.65081024169922,39.45492935180664,145.6999053955078,10.971575736999512,,10.2514009475708,15.908958435058594,136.26705932617188,48.6879997253418,260.6600036621094,147.41000366210938,245.4163055419922,572.088623046875,3.2106454372406006,85.64925384521484,138.37327575683594,368.1799011230469,649.9721069335938,323.0234680175781,356.6600036621094,145.08389282226562,54.486446380615234,460.2484130859375,70.36201477050781,87.36415100097656,66.90912628173828,38.49991226196289,36.06919860839844,130.31190490722656,109.91851043701172,40.66481399536133,36.53018569946289,94.65130615234375,29.227989196777344,0.05897548049688339,0.7574610114097595,0.7540909647941589,0.1480560302734375,1.1055831909179688
2024-01-01,76.30753326416016,29.790000915527344,37.82963562011719,47.70414352416992,44.25600051879883,88.42052459716797,194.2576446533203,76.26332092285156,119.75419616699219,76.13259887695312,128.75279235839844,51.82271957397461,129.72000122070312,37.64619064331055,76.27999877929688,,35.34000015258789,147.64649963378906,102.04388427734375,412.6018371582031,82.77607727050781,38.45402526855469,148.83743286132812,10.519804954528809,,9.965473175048828,16.086973190307617,137.08535766601562,47.40599822998047,249.0,138.5800018310547,238.6674346923828,607.0565185546875,3.2294209003448486,84.08198547363281,134.45059204101562,360.0632019042969,645.96435546875,319.6584777832031,365.5899963378906,149.1474609375,55.1706428527832,453.0926513671875,69.76161193847656,84.33979034423828,66.89054870605469,38.88563537597656,36.213096618652344,132.92996215820312,107.44994354248047,40.09434509277344,35.82803726196289,90.5403060913086,29.781810760498047,0.059294041246175766,0.7517666816711426,0.7479431629180908,0.14672653377056122,1.095650315284729
2024-01-08,73.96574401855469,30.899999618530273,38.44723129272461,47.33238983154297,45.4379997253418,87.88552856445312,201.63563537597656,78.63822937011719,122.07501983642578,72.42634582519531,125.15158081054688,47.25663375854492,131.22999572753906,37.61610794067383,79.37000274658203,,35.66999816894531,149.2962188720703,107.7233657836914,422.7898254394531,81.7246322631836,35.880252838134766,154.4996795654297,10.519804954528809,,9.637495040893555,14.887712478637695,140.04244995117188,49.215999603271484,217.6999969482422,146.55999755859375,240.72799682617188,630.9735717773438,3.304523468017578,87.3210220336914,141.30538940429688,380.35009765625,672.7774047851562,331.5616149902344,363.6199951171875,150.313720703125,55.83635330200195,461.57501220703125,71.47563934326172,84.99449920654297,67.62438201904297,37.967227935791016,36.06919860839844,134.2677001953125,108.10565948486328,39.67124938964844,36.05600357055664,94.53328704833984,29.223377227783203,0.05933661386370659,0.7506380081176758,0.7453786730766296,0.14684288203716278,1.0963709354400635
2024-01-15,70.52568817138672,31.559999465942383,39.378501892089844,45.47360610961914,46.69200134277344,90.5216064453125,202.9942169189453,81.1461410522461,118.97441864013672,70.36212158203125,125.480712890625,47.459564208984375,132.02000427246094,41.19643783569336,81.3499984741211,,34.65999984741211,151.47496032714844,117.79082489013672,430.3567810058594,86.80329895019531,32.963314056396484,156.4165802001953,10.390727996826172,,9.418843269348145,14.400511741638184,138.09149169921875,48.29499816894531,215.02000427246094,174.22999572753906,242.19309997558594,616.900146484375,3.2200329303741455,85.34530639648438,145.00021362304688,390.33685302734375,684.32763671875,337.80670166015625,366.989990234375,149.65652465820312,55.318580627441406,467.142822265625,72.46337890625,85.44888305664062,66.92769622802734,36.814613342285156,36.38576126098633,133.2548370361328,108.43351745605469,39.09127426147461,35.29002380371094,98.4328384399414,28.143421173095703,0.05858093500137329,0.7461016178131104,0.7429420948028564,0.14614540338516235,1.0915838479995728
2024-01-22,70.65277099609375,33.18000030517578,39.97649002075195,45.579158782958984,46.525001525878906,92.75887298583984,205.6221466064453,85.91500091552734,128.02560424804688,72.70784759521484,129.0915985107422,46.91532897949219,132.4550018310547,43.7989501953125,80.18000030517578,,33.0,151.13479614257812,117.17620086669922,432.08111572265625,87.33894348144531,32.61061477661133,164.9480438232422,10.907037734985352,,9.57862663269043,14.840866088867188,146.1110382080078,57.04199981689453,205.47000122070312,177.25,241.64483642578125,627.371826171875,3.5861589908599854,83.00863647460938,150.7554473876953,395.48687744140625,676.3616943359375,331.1794128417969,385.3999938964844,147.63864135742188,54.89326477050781,471.9650573730469,75.22325134277344,83.88052368164062,67.4664535522461,38.68817138671875,37.076454162597656,133.07327270507812,109.3785171508789,39.224388122558594,35.09852600097656,99.20980072021484,28.24957275390625,0.058329105377197266,0.7447680234909058,0.7430524230003357,0.14561976492404938,1.0864840745925903
2024-01-29,71.36982727050781,32.220001220703125,43.672203063964844,46.1666259765625,49.645599365234375,94.48059844970703,229.3626251220703,83.14108276367188,128.9422607421875,71.79769134521484,127.49431610107422,47.03524398803711,139.77000427246094,43.74630355834961,82.6500015258789,,35.7400016784668,155.06027221679688,119.0687026977539,453.8068542480469,85.7816162109375,32.801265716552734,166.11563110351562,10.455266952514648,,10.20935344696045,14.437989234924316,147.93580627441406,56.4640007019043,209.3800048828125,177.66000366210938,253.79090881347656,655.2442016601562,3.3608405590057373,83.52156066894531,141.03793334960938,402.62451171875,699.6424560546875,332.97845458984375,390.75,144.96356201171875,55.97504425048828,478.68511962890625,77.21809387207031,86.63614654541016,68.89697265625,38.35295867919922,37.39301681518555,135.67227172851562,111.45173645019531,39.50010681152344,34.93438720703125,99.45075225830078,28.378799438476562,0.058423157781362534,0.7442691326141357,0.7422802448272705,0.14473874866962433,1.0808473825454712
2024-02-05,70.38265228271484,30.93000030517578,42.37821578979492,45.475303649902344,52.766998291015625,105.4334487915039,238.49591064453125,84.93651580810547,133.8155975341797,73.26143646240234,126.34230041503906,45.301063537597656,141.75,42.73838806152344,107.91999816894531,,39.41999816894531,160.0337371826172,124.81623840332031,451.1465759277344,84.8690414428711,31.25700569152832,167.9818572998047,10.713421821594238,,10.663476943969727,14.503575325012207,147.30880737304688,56.13199996948242,209.1999969482422,172.47999572753906,258.8951110839844,726.4067993164062,3.398709297180176,83.2651138305664,147.5955352783203,411.759521484375,713.36962890625,338.4964599609375,398.3599853515625,145.10240173339844,55.068939208984375,485.3180236816406,76.66612243652344,87.89669799804688,67.91234588623047,38.25652313232422,37.48894500732422,137.60240173339844,112.77278900146484,39.52387237548828,35.025569915771484,102.20453643798828,27.81574249267578,0.05857407674193382,0.7430524230003357,0.7415096759796143,0.14467383921146393,1.0786322355270386
2024-02-12,74.68862915039062,33.61000061035156,44.681915283203125,46.496700286865234,51.96860122680664,108.55589294433594,246.4292449951172,83.14108276367188,130.52304077148438,73.38126373291016,119.83387756347656,47.15515899658203,156.38999938964844,40.61726760864258,98.5199966430664,,40.29999923706055,163.16859436035156,121.12459564208984,461.2458190917969,78.85797882080078,31.867076873779297,173.8380584716797,10.777960777282715,,10.623018264770508,13.988266944885254,147.39303588867188,58.39500045776367,203.88999938964844,173.8699951171875,269.4720764160156,768.8735961914062,3.3608405590057373,88.46084594726562,139.19546508789062,396.34576416015625,713.9513549804688,337.7508544921875,405.989990234375,146.00827026367188,54.9117546081543,483.6816101074219,76.45307922363281,87.46674346923828,68.07024383544922,39.294334411621094,38.016544342041016,139.14076232910156,113.81423950195312,40.48891830444336,34.97085952758789,99.613037109375,28.258804321289062,0.05869371443986893,0.7426661252975464,0.7461962699890137,0.14457197487354279,1.077934741973877
2024-02-19,75.69853210449219,35.689998626708984,47.66201400756836,47.587730407714844,52.93439865112305,104.80117797851562,276.734619140625,83.57806396484375,132.43124389648438,75.94063568115234,118.26121520996094,49.110740661621094,159.39999389648438,42.16674041748047,98.44999694824219,,37.5099983215332,163.72019958496094,126.0737075805664,466.4580078125,85.30548095703125,29.817596435546875,175.8698272705078,10.519804954528809,,10.484830856323242,14.156912803649902,150.6869354248047,58.35599899291992,200.8300018310547,176.52000427246094,273.5894470214844,756.564697265625,3.3513734340667725,89.30484008789062,142.60304260253906,402.5058898925781,727.6980590820312,346.7083740234375,417.2200012207031,150.94203186035156,56.58527374267578,491.75726318359375,77.19873046875,88.5758285522461,69.46358489990234,39.473419189453125,38.65927505493164,141.28109741210938,115.9260025024414,41.27806854248047,35.30826187133789,100.95057678222656,28.59571075439453,0.05847542732954025,0.7448789477348328,0.7416197061538696,0.14518213272094727,1.0835410356521606
2024-02-26,78.03054809570312,37.529998779296875,53.4261589050293,46.645267486572266,53.77560043334961,108.8963394165039,311.8098449707031,92.29877471923828,134.02137756347656,77.91446685791016,116.97976684570312,48.18830108642578,152.47000122070312,48.3646354675293,99.91999816894531,,38.400001525878906,164.47401428222656,136.07118225097656,469.62078857421875,94.38159942626953,30.446741104125977,172.67971801757812,10.777960777282715,,10.752565383911133,14.57852840423584,148.64698791503906,61.933998107910156,200.0,202.63999938964844,277.69122314453125,768.9324951171875,3.3703079223632812,88.6451416015625,135.84732055664062,407.5673828125,739.0486450195312,358.35052490234375,407.1099853515625,151.20318603515625,55.041202545166016,496.5988464355469,77.48925018310547,90.39826965332031,69.1663589477539,40.01528549194336,38.649681091308594,139.8287353515625,117.17957305908203,41.81525802612305,36.05600357055664,103.64043426513672,28.484949111938477,0.058820415288209915,0.7438815832138062,0.7364312410354614,0.14542070031166077,1.0851871967315674
2024-03-04,76.97470092773438,36.59000015258789,59.298133850097656,47.982364654541016,53.7224006652832,107.3108139038086,307.68194580078125,88.05242919921875,139.86749267578125,79.6521987915039,111.61133575439453,48.79711151123047,146.6199951171875,47.386810302734375,97.98999786376953,,39.31999969482422,164.4188690185547,127.27477264404297,462.3591613769531,96.83164978027344,32.57964324951172,182.40631103515625,10.584343910217285,,10.519377708435059,16.855253219604492,150.05064392089844,60.481998443603516,198.49000549316406,207.38999938964844,278.5077819824219,749.28955078125,3.4271109104156494,87.95677947998047,134.13363647460938,398.4645080566406,715.4996337890625,350.0854187011719,403.1499938964844,148.77828979492188,55.031951904296875,495.504638671875,77.07282257080078,88.09701538085938,69.81658935546875,40.48826217651367,38.966243743896484,139.9147186279297,117.93170928955078,42.476051330566406,36.630496978759766,101.96359252929688,29.421829223632812,0.05949193984270096,0.7503001093864441,0.7393715381622314,0.1467588245868683,1.0945708751678467
2024-03-11,75.38638305664062,40.75,60.347042083740234,47.337032318115234,55.12779998779297,108.8963394165039,306.2428894042969,81.70662689208984,153.121826171875,78.78334045410156,111.6889877319336,49.59040832519531,148.6999969482422,44.972347259521484,91.5999984741211,,39.119998931884766,163.52713012695312,120.1540298461914,468.8325500488281,92.4969482421875,32.55082321166992,188.35446166992188,10.907037734985352,,10.415739059448242,15.789402961730957,151.0144805908203,60.5880012512207,182.52999877929688,191.05999755859375,274.4249572753906,741.453857421875,3.4933807849884033,87.33535766601562,139.84921264648438,408.4698181152344,715.5686645507812,349.9729309082031,408.1300048828125,147.5284881591797,55.80766296386719,495.2083740234375,76.7823257446289,86.99280548095703,70.1602783203125,42.044979095458984,39.129329681396484,138.89230346679688,117.68099212646484,43.16536331176758,35.60006332397461,101.1177749633789,29.287988662719727,0.059856582432985306,0.7481670379638672,0.7410700917243958,0.1460258960723877,1.0900371074676514
2024-03-18,76.15760040283203,43.459999084472656,67.9625473022461,47.8987922668457,57.64080047607422,112.70943450927734,319.15478515625,85.24583435058594,158.6780242919922,79.0099868774414,109.970703125,48.17906951904297,145.02000427246094,48.09385681152344,96.56999969482422,,39.29999923706055,164.0511474609375,132.18734741210938,474.5867004394531,109.3199691772461,32.445133209228516,189.1083221435547,11.423346519470215,46.0,11.149849891662598,16.39341926574707,151.2764892578125,62.80099868774414,188.85000610351562,179.64999389648438,277.7767028808594,757.6166381835938,3.38924241065979,88.03326416015625,149.34886169433594,420.5545959472656,724.6114501953125,365.96044921875,411.6000061035156,144.77713012695312,56.37617111206055,506.26214599609375,79.44673156738281,89.4689712524414,70.77974700927734,42.77360534667969,39.883270263671875,139.47056579589844,121.11091613769531,43.59236526489258,35.45683288574219,103.39290618896484,29.716094970703125,0.05969756841659546,0.7416197061538696,0.7350779175758362,0.14491912722587585,1.0864840745925903
2024-03-25,79.04965209960938,41.380001068115234,68.51341247558594,49.064117431640625,58.135398864746094,119.02239227294922,315.31396484375,89.11498260498047,159.66014099121094,78.58500671386719,114.22274780273438,50.61284255981445,151.1699981689453,51.32819366455078,96.83000183105469,,38.18000030517578,167.4066162109375,129.4468536376953,474.4881896972656,117.05082702636719,34.433921813964844,190.13796997070312,11.358808517456055,49.31999969482422,11.469402313232422,16.733177185058594,151.82861328125,60.733001708984375,192.99000549316406,180.49000549316406,276.7512512207031,764.8427734375,3.3513734340667725,89.33350372314453,149.50733947753906,412.6876525878906,722.4716186523438,359.6966552734375,420.5199890136719,147.537841796875,57.01924514770508,508.06878662109375,79.29137420654297,90.0418701171875,71.45349884033203,43.70407485961914,40.557308197021484,141.66659545898438,121.83635711669922,44.31755065917969,36.29230499267578,102.58511352539062,30.549036026000977,0.06043719872832298,0.7415096759796143,0.7386069893836975,0.1447010487318039,1.0801469087600708
2024-04-01,77.07572174072266,42.459999084472656,74.10072326660156,48.39091873168945,58.1083984375,115.15095520019531,320.9610290527344,86.18437957763672,171.5395050048828,80.37939453125,112.85393524169922,52.89605712890625,149.8800048828125,54.991268157958984,96.16000366210938,,37.31999969482422,156.282958984375,130.8161163330078,470.13311767578125,122.70032501220703,38.094451904296875,194.07322692871094,19.942453384399414,47.560001373291016,11.469402313232422,16.98799705505371,146.0736083984375,63.61800003051758,183.13999938964844,170.4199981689453,271.6333923339844,770.9874877929688,3.3040378093719482,87.72734832763672,151.06253051757812,417.39605712890625,703.82373046875,335.5699768066406,418.6199951171875,142.12840270996094,55.46281433105469,503.5617370605469,80.12642669677734,87.56914520263672,69.55392456054688,45.40298843383789,40.0277099609375,137.34169006347656,121.55584716796875,44.26029586791992,35.23649215698242,101.68865203857422,30.321027755737305,0.060832429677248,0.7413448095321655,0.7359434366226196,0.145308718085289,1.0849517583847046
2024-04-08,75.37720489501953,43.2400016784668,68.6019287109375,47.7780876159668,59.152000427246094,110.90016174316406,305.2602844238281,81.58736419677734,162.32598876953125,73.75902557373047,111.18418884277344,49.31746292114258,146.0399932861328,54.20148849487305,93.76000213623047,,35.11000061035156,150.57911682128906,131.26927185058594,459.1713562011719,121.64788055419922,37.12406539916992,187.5428009033203,20.845993041992188,42.27000045776367,10.890751838684082,16.440608978271484,145.35305786132812,62.28300094604492,169.5500030517578,163.27999877929688,261.7966003417969,738.966552734375,3.1525628566741943,85.84391784667969,156.24322509765625,413.84515380859375,721.1698608398438,321.50469970703125,403.260009765625,137.58631896972656,54.31646728515625,496.1991882324219,78.97093963623047,86.7220458984375,68.66497039794922,44.50029373168945,38.573734283447266,133.20860290527344,118.87652587890625,42.90057373046875,34.18986892700195,101.18132019042969,29.874303817749023,0.060138437896966934,0.7349698543548584,0.7260582447052002,0.14265945553779602,1.0672358274459839
2024-04-15,77.30523681640625,41.93000030517578,64.5885238647461,49.570167541503906,57.382198333740234,109.53834533691406,288.53741455078125,78.97282409667969,153.29954528808594,75.0528793334961,113.94122314453125,49.18700408935547,140.1699981689453,49.68093490600586,84.0999984741211,,32.43000030517578,154.41134643554688,117.65861511230469,449.31463623046875,106.00997924804688,37.48917007446289,197.46719360351562,21.943151473999023,40.880001068115234,10.484830856323242,15.846029281616211,148.9381103515625,55.50400161743164,169.82000732421875,146.63999938964844,257.94158935546875,714.0635986328125,3.3324389457702637,87.30667877197266,152.63754272460938,391.50006103515625,699.6722412109375,314.4626770019531,405.0799865722656,137.95005798339844,56.07793426513672,480.95916748046875,77.1648941040039,83.12310028076172,69.65686798095703,43.963314056396484,38.88186264038086,133.2469482421875,116.52608489990234,42.44255828857422,32.941261291503906,94.83222961425781,30.446664810180664,0.05852916091680527,0.7348618507385254,0.7247952818870544,0.14283062517642975,1.0667804479599
2024-04-22,78.27845001220703,43.040000915527344,71.51364135742188,49.444820404052734,63.73939895629883,109.65507507324219,299.72247314453125,82.40143585205078,155.08616638183594,75.55342864990234,112.8442153930664,48.97265625,135.89999389648438,53.67496871948242,88.01000213623047,,33.5099983215332,148.11090087890625,131.26927185058594,456.2508544921875,114.02253723144531,41.053619384765625,191.34146118164062,23.104848861694336,45.43000030517578,11.046210289001465,16.204660415649414,151.90480041503906,56.12300109863281,167.22000122070312,157.39999389648438,262.9834289550781,721.1422119140625,3.498246431350708,90.1939468383789,170.3291778564453,398.5626220703125,720.2236328125,314.2095031738281,402.1000061035156,136.29922485351562,57.54116439819336,493.6834411621094,77.78632354736328,86.13445281982422,70.73296356201172,44.31976318359375,39.305538177490234,134.21551513671875,118.6443862915039,42.70973205566406,33.473751068115234,98.42791748046875,30.800323486328125,0.05832570418715477,0.7341604828834534,0.7311010360717773,0.14346584677696228,1.0704345703125
2024-04-29,81.3449478149414,43.20000076293945,80.16019439697266,50.71561813354492,63.107601165771484,110.5597152709961,312.65411376953125,83.7996826171875,146.7051544189453,69.97190856933594,114.83433532714844,49.3267822265625,137.1999969482422,53.3665771484375,74.4000015258789,,34.2400016784668,151.98023986816406,124.82726287841797,437.66217041015625,113.88353729248047,39.06482696533203,191.97613525390625,21.039609909057617,46.63999938964844,10.7352933883667,15.912092208862305,154.890380859375,57.933998107910156,179.7899932861328,150.60000610351562,233.7957763671875,722.5775756835938,3.536583662033081,91.5993423461914,165.66360473632812,398.8961181640625,734.7627563476562,321.4859619140625,400.8699951171875,139.21849060058594,57.941917419433594,496.6265563964844,77.88343048095703,87.11376190185547,71.00434112548828,42.8523063659668,39.045555114746094,135.04978942871094,118.75078582763672,42.714508056640625,33.98788833618164,99.76766967773438,31.833354949951172,0.05897095426917076,0.7415646910667419,0.7317429780960083,0.14431263506412506,1.0773539543151855
2024-05-06,84.93362426757812,45.349998474121094,91.8955078125,52.55034255981445,64.78459930419922,102.90437316894531,342.4955749511719,90.03438568115234,146.041015625,69.8396987915039,116.2322769165039,54.2100715637207,133.4600067138672,53.855491638183594,71.91999816894531,,35.90999984741211,149.159423828125,130.16859436035156,450.8834533691406,120.37699890136719,40.82304000854492,198.45135498046875,22.394922256469727,53.529998779296875,10.48105525970459,16.10085105895996,157.14129638671875,61.08700180053711,178.50999450683594,151.9199981689453,239.30288696289062,747.1856079101562,3.565335988998413,95.07147979736328,167.06027221679688,406.82183837890625,777.5211181640625,324.8428649902344,412.04998779296875,139.81539916992188,58.95778274536133,505.9027099609375,79.41759490966797,87.206787109375,72.63253021240234,43.435585021972656,40.27806854248047,137.69650268554688,121.56552124023438,43.816593170166016,34.71318817138672,101.24043273925781,33.16420364379883,0.059646300971508026,0.7383342981338501,0.7312614321708679,0.1444147527217865,1.0788650512695312
2024-05-13,85.91637420654297,47.4900016784668,92.54474639892578,53.03835678100586,64.26860046386719,100.43364715576172,314.1165771484375,91.24110412597656,155.32936096191406,72.47147369384766,113.9687728881836,53.82798385620117,121.12000274658203,54.23157501220703,75.2300033569336,,37.0,154.42062377929688,136.271728515625,454.1295166015625,124.39814758300781,42.02399826049805,192.43601989746094,21.49138069152832,62.040000915527344,10.73455810546875,16.855871200561523,157.8853302001953,62.11000061035156,184.9499969482422,164.47000122070312,242.69261169433594,758.3072509765625,3.747436761856079,97.43792724609375,174.4004669189453,412.9309387207031,786.0350952148438,322.7612609863281,416.94000244140625,144.2268829345703,58.74342346191406,514.2656860351562,80.21380615234375,87.5005874633789,73.18461608886719,43.958683013916016,40.91358184814453,140.3048858642578,121.22698211669922,43.964500427246094,35.58536911010742,104.33369445800781,33.662109375,0.06026056408882141,0.7432181239128113,0.7347539067268372,0.14568552374839783,1.089561939239502
2024-05-20,82.48603057861328,44.31999969482422,100.4338607788086,51.213016510009766,63.03260040283203,98.98429870605469,340.03216552734375,90.206787109375,151.92457580566406,73.69804382324219,110.96986389160156,54.85310363769531,130.41000366210938,56.26996612548828,74.19000244140625,,36.189998626708984,145.73548889160156,137.49737548828125,445.1607971191406,128.56825256347656,40.33304214477539,187.552001953125,21.87861442565918,54.720001220703125,10.629659652709961,17.374948501586914,155.70974731445312,64.67500305175781,174.52000427246094,166.36000061035156,243.26229858398438,795.1688842773438,3.6899311542510986,97.03390502929688,173.3405303955078,422.70855712890625,799.7841796875,304.842041015625,407.4100036621094,138.181396484375,57.78348159790039,514.2560424804688,80.54395294189453,85.95329284667969,72.14593505859375,42.296810150146484,40.066226959228516,138.49244689941406,120.38545227050781,43.58759689331055,34.290855407714844,105.99362182617188,33.27123260498047,0.059934429824352264,0.7409602999687195,0.7315824031829834,0.14530238509178162,1.0856584310531616
2024-05-27,83.6727294921875,48.45000076293945,97.46315002441406,52.78497314453125,62.59040069580078,101.07565307617188,325.1522216796875,89.29694366455078,148.00294494628906,75.8088607788086,111.79747772216797,54.620113372802734,135.10000610351562,56.631004333496094,67.69000244140625,,37.04999923706055,149.61410522460938,129.7534942626953,441.10565185546875,124.11022186279297,40.294612884521484,194.23876953125,23.879314422607422,54.2400016784668,10.603435516357422,16.657678604125977,154.9656982421875,64.16200256347656,177.61000061035156,166.89999389648438,241.56890869140625,807.8828735351562,3.7378525733947754,99.72740173339844,170.87399291992188,407.9388732910156,799.9422607421875,316.18609619140625,414.3999938964844,137.89932250976562,58.65022277832031,512.2453002929688,80.84497833251953,86.1638412475586,72.37051391601562,43.14394760131836,40.09511184692383,137.80198669433594,119.46656036376953,43.668697357177734,34.93352508544922,103.51604461669922,33.838932037353516,0.05900895223021507,0.7391529083251953,0.732600748538971,0.14549051225185394,1.0857763290405273
2024-06-03,81.8648452758789,42.83000183105469,83.68177032470703,50.898624420166016,63.380401611328125,98.77030181884766,302.69342041015625,92.04558563232422,145.4504852294922,74.03083038330078,110.82380676269531,51.63795852661133,137.1699981689453,56.39783477783203,70.7300033569336,,37.349998474121094,157.2042999267578,137.38021850585938,443.7893981933594,130.0079345703125,39.0094108581543,195.48048400878906,21.16868782043457,59.79999923706055,10.620919227600098,18.90386962890625,157.3390655517578,64.14700317382812,190.24000549316406,167.8699951171875,237.85614013671875,837.08251953125,3.747436761856079,99.86207580566406,172.8155517578125,416.5078430175781,835.19384765625,308.7835388183594,413.7200012207031,138.2847900390625,59.56358337402344,518.6949462890625,81.95189666748047,86.9913558959961,72.66995239257812,41.65797805786133,39.94104766845703,140.41995239257812,118.3251953125,42.83855438232422,34.860076904296875,106.195556640625,32.54531478881836,0.054351963102817535,0.7405762076377869,0.7262164354324341,0.14468848705291748,1.081548810005188
2024-06-10,81.58671569824219,43.61000061035156,86.16064453125,50.21821975708008,65.43419647216797,97.24311828613281,311.7524108886719,99.46783447265625,141.34400939941406,69.65705108642578,114.89376068115234,47.73319625854492,127.63999938964844,58.75965118408203,75.58999633789062,,35.029998779296875,156.43414306640625,169.45358276367188,438.6982116699219,140.353759765625,39.45401382446289,187.56118774414062,21.3623046875,60.939998626708984,10.236292839050293,20.385601043701172,157.08477783203125,66.93800354003906,177.27000427246094,159.6300048828125,227.59593200683594,865.1104125976562,3.4694936275482178,100.08333587646484,175.32456970214844,434.9035949707031,845.159912109375,327.4882507324219,405.5400085449219,136.83689880371094,58.748416900634766,527.2134399414062,81.68974304199219,87.31940460205078,72.00556945800781,40.755287170410156,39.141849517822266,139.89254760742188,117.18382263183594,42.45209503173828,35.37420654296875,112.14073944091797,32.54531478881836,0.05420112982392311,0.7388798594474792,0.7273256182670593,0.14354822039604187,1.0721560716629028
2024-06-17,80.70594024658203,42.65999984741211,85.66477966308594,49.65043640136719,64.20980072021484,99.48039245605469,314.19598388671875,99.37713623046875,141.47589111328125,69.51443481445312,111.1061782836914,48.05937194824219,127.8499984741211,56.99204635620117,77.94000244140625,,33.86000061035156,158.1043701171875,161.99093627929688,448.7818603515625,138.54673767089844,40.8458251953125,192.40841674804688,22.588539123535156,57.29999923706055,10.349934577941895,19.8630428314209,158.46923828125,68.61199951171875,176.55999755859375,161.22999572753906,237.56980895996094,870.4580078125,3.5269992351531982,98.42874908447266,178.14100646972656,441.98870849609375,837.8902587890625,335.94830322265625,409.6199951171875,139.85494995117188,58.955047607421875,530.60009765625,82.47624206542969,89.41511535644531,72.6793212890625,41.546875,39.79661560058594,140.78436279296875,118.94424438476562,42.76698684692383,35.328304290771484,112.50523376464844,32.28937530517578,0.05525900050997734,0.7381708025932312,0.7300869226455688,0.14339178800582886,1.0705492496490479
2024-06-24,81.34564971923828,45.47999954223633,84.79688262939453,50.20883560180664,62.650001525878906,96.58167266845703,302.08746337890625,99.56031799316406,147.64500427246094,70.4747543334961,119.64529418945312,47.942447662353516,136.3800048828125,56.99204635620117,82.83000183105469,,34.75,159.15289306640625,157.30279541015625,435.27447509765625,130.59371948242188,40.468875885009766,191.0471649169922,24.71831512451172,63.88999938964844,10.961835861206055,20.100412368774414,155.32359313964844,67.48799896240234,182.00999450683594,162.2100067138672,235.10736083984375,891.6314697265625,3.6228415966033936,100.28534698486328,180.6400909423828,439.2077331542969,839.5497436523438,325.0332946777344,406.79998779296875,137.4198455810547,59.78156661987305,530.3174438476562,83.39527130126953,89.50442504882812,72.20036315917969,42.533817291259766,39.74151611328125,140.3155059814453,118.28521728515625,42.33315658569336,35.62229537963867,111.62693786621094,31.96337127685547,0.05457472801208496,0.7375174760818481,0.7303534746170044,0.14364926517009735,1.0721560716629028
2024-07-01,81.45691680908203,45.84000015258789,88.13037872314453,49.4439697265625,62.75,95.31713104248047,300.2994689941406,98.37450408935547,143.8964385986328,66.69049072265625,110.75565338134766,47.019569396972656,135.80999755859375,58.04508590698242,86.95999908447266,,34.720001220703125,155.19076538085938,166.88287353515625,443.4932861328125,130.66323852539062,43.02052688598633,193.4105987548828,22.20130729675293,72.97000122070312,11.224082946777344,19.511737823486328,155.59674072265625,69.06500244140625,184.8300018310547,171.89999389648438,231.99586486816406,900.681884765625,3.7378525733947754,102.43053436279297,189.02011108398438,459.460693359375,874.7914428710938,315.91229248046875,411.1700134277344,137.72068786621094,59.88487243652344,540.4713745117188,85.43975067138672,92.89027404785156,72.95462036132812,42.04384231567383,40.157196044921875,139.02548217773438,117.65432739257812,42.13661193847656,35.5202751159668,114.908203125,32.15569305419922,0.05526052787899971,0.7411249876022339,0.7331916093826294,0.1453382819890976,1.0855406522750854
2024-07-08,84.33098602294922,47.9900016784668,90.0732650756836,51.22708511352539,57.66999816894531,94.9164810180664,319.669189453125,103.25273132324219,139.3190460205078,67.1659164428711,114.44587707519531,46.784149169921875,138.0800018310547,59.248558044433594,82.20999908447266,,33.20000076293945,158.00230407714844,166.62420654296875,434.8817138671875,132.71534729003906,45.920143127441406,196.2816925048828,21.620458602905273,73.8499984741211,12.26431941986084,20.100412368774414,156.915283203125,64.76000213623047,182.30999755859375,181.61000061035156,239.50730895996094,933.998291015625,3.824110507965088,100.23725128173828,183.5359344482422,445.693359375,832.5468139648438,339.69677734375,424.44000244140625,140.91738891601562,59.828521728515625,545.6846923828125,84.0280990600586,93.96492767333984,73.02059936523438,42.239830017089844,40.969234466552734,142.74154663085938,120.52725982666016,43.382972717285156,37.08761978149414,115.36213684082031,33.42691421508789,0.05679914355278015,0.7456009387969971,0.7331916093826294,0.14619027078151703,1.0921800136566162
2024-07-15,86.35211181640625,48.20000076293945,75.41773986816406,51.84180450439453,53.540000915527344,93.55815124511719,302.2463684082031,98.94330596923828,139.7052001953125,68.21179962158203,115.9453353881836,47.584598541259766,135.2100067138672,52.51662826538086,78.66000366210938,,32.81999969482422,161.36407470703125,154.16464233398438,438.41912841796875,113.5458984375,45.42720031738281,201.84898376464844,21.233226776123047,64.69999694824219,12.220612525939941,19.44527244567871,159.13809204101562,63.33399963378906,179.6699981689453,151.5800018310547,251.4187469482422,844.448974609375,3.498246431350708,103.3251724243164,176.18734741210938,429.5381774902344,827.8353271484375,343.0865173339844,434.4700012207031,145.43971252441406,61.3218879699707,534.965576171875,82.85981750488281,92.15914154052734,73.6240005493164,43.10310745239258,41.423583984375,142.3564453125,121.19696807861328,43.196022033691406,37.56987762451172,108.9822006225586,32.89684295654297,0.055405035614967346,0.743770956993103,0.7262691855430603,0.1458704024553299,1.0894432067871094
2024-07-22,89.42088317871094,44.59000015258789,70.1413803100586,53.31990432739258,49.83000183105469,87.88056182861328,307.6897888183594,99.95559692382812,149.86778259277344,71.34951782226562,121.61212921142578,48.23438262939453,133.75,51.343238830566406,78.05999755859375,,32.18000030517578,173.3876953125,148.56044006347656,432.974609375,108.72620391845703,45.16624450683594,198.47178649902344,20.265146255493164,62.36000061035156,9.781734466552734,18.76165199279785,160.22772216796875,63.137001037597656,186.88999938964844,139.99000549316406,263.45428466796875,792.4014892578125,3.7121081352233887,105.60504913330078,165.61570739746094,417.9032287597656,808.7072143554688,339.45135498046875,437.6600036621094,151.033935546875,62.97492218017578,530.5318603515625,81.48709106445312,89.60747528076172,74.00112915039062,43.01911544799805,41.964942932128906,144.36854553222656,122.58490753173828,43.780853271484375,37.7739143371582,106.71739196777344,33.38468933105469,0.05421758443117142,0.7451009750366211,0.7232226729393005,0.14548629522323608,1.0874292850494385
2024-07-29,94.37171173095703,40.13999938964844,71.43334197998047,56.68437194824219,52.56999969482422,87.52876281738281,304.1336975097656,91.17284393310547,140.853759765625,69.6190185546875,117.41559600830078,45.12673568725586,132.25999450683594,43.046783447265625,79.45999908447266,,28.690000534057617,177.25509643554688,140.90855407714844,456.5313720703125,92.12064361572266,46.88667297363281,199.63125610351562,20.071531295776367,57.58000183105469,8.767722129821777,17.119056701660156,161.146728515625,61.36399841308594,169.9499969482422,132.5,251.35195922851562,792.2440185546875,3.7217750549316406,108.47171783447266,165.27854919433594,401.4139099121094,813.1384887695312,335.59893798828125,428.3599853515625,154.3246612548828,65.11634063720703,519.2867431640625,82.49959564208984,86.44243621826172,74.72709655761719,41.25056838989258,40.659889221191406,145.2349853515625,119.11991119384766,43.1624641418457,38.821903228759766,101.01342010498047,34.815399169921875,0.05218062922358513,0.7538067698478699,0.7209805250167847,0.14623945951461792,1.0921800136566162
2024-08-05,91.24113464355469,45.83000183105469,77.5578842163086,55.14994812011719,55.54999923706055,84.2453384399414,311.4842224121094,92.8214111328125,143.2430419921875,75.86592102050781,113.02432250976562,43.26214599609375,126.97000122070312,44.88960647583008,77.70999908447266,,32.56999969482422,177.85440063476562,145.25865173339844,451.35369873046875,92.49827575683594,46.11345291137695,204.03907775878906,18.1353702545166,52.90999984741211,8.96643352508545,16.46392059326172,161.58261108398438,63.39400100708008,167.91000366210938,134.27000427246094,247.6105194091797,878.1395263671875,3.683107376098633,112.93524932861328,162.31332397460938,398.9866943359375,845.6312866210938,329.1878662109375,431.6700134277344,151.01512145996094,64.505859375,519.374267578125,82.95716857910156,85.5493392944336,74.62340545654297,41.72186279296875,40.98857116699219,144.38780212402344,120.62431335449219,42.45299530029297,38.775535583496094,101.46244049072266,34.529258728027344,0.053142305463552475,0.7547739148139954,0.7270084023475647,0.14629721641540527,1.0924185514450073
2024-08-12,90.68920135498047,49.77000045776367,78.25810241699219,55.71854782104492,52.470001220703125,87.26492309570312,328.7347717285156,98.07565307617188,142.04840087890625,77.46875762939453,118.37165069580078,44.053184509277344,138.83999633789062,48.17659378051758,82.37999725341797,,37.54999923706055,181.572021484375,162.36520385742188,463.3099365234375,107.3150863647461,48.52979278564453,217.0601348876953,19.038911819458008,54.91999816894531,9.330418586730957,17.726720809936523,159.07177734375,67.40699768066406,179.99000549316406,148.55999755859375,258.24298095703125,909.38623046875,3.905447244644165,112.15157318115234,161.6092071533203,411.9622497558594,861.120849609375,341.8590393066406,444.510009765625,149.85867309570312,64.97547149658203,540.149658203125,83.97942352294922,89.86263275146484,75.90560913085938,42.21650314331055,42.31296920776367,147.17002868652344,123.23519897460938,43.41653060913086,38.821903228759766,109.24370574951172,34.91859817504883,0.053684934973716736,0.759013295173645,0.730833888053894,0.1478174775838852,1.1036310195922852
2024-08-19,91.91472625732422,49.619998931884766,84.58976745605469,56.28710174560547,53.709999084472656,88.4961929321289,336.5596618652344,100.65937042236328,138.3032989501953,76.93297576904297,119.45565795898438,45.42808532714844,139.67999267578125,48.402244567871094,82.38999938964844,,38.0,184.98997497558594,162.99224853515625,460.89892578125,102.20719909667969,50.29855728149414,222.00164794921875,26.84809112548828,59.209999084472656,10.005120277404785,18.239437103271484,160.28453063964844,68.6729965209961,174.9600067138672,154.97999572753906,262.00347900390625,939.5833129882812,4.0311174392700195,115.48942565917969,164.24716186523438,410.308349609375,869.6470947265625,354.6341857910156,453.3800048828125,154.3152313232422,65.54839324951172,547.7698974609375,85.1866226196289,92.1885757446289,77.15955352783203,42.179168701171875,42.950992584228516,149.65382385253906,125.47724151611328,44.45197296142578,40.22230529785156,110.50687408447266,35.378299713134766,0.052366986870765686,0.7692899107933044,0.7403568625450134,0.15004201233386993,1.1209505796432495
2024-08-26,93.8138198852539,52.130001068115234,84.25446319580078,57.182594299316406,56.08000183105469,88.32030487060547,351.49359130859375,95.97394561767578,139.11866760253906,79.4970703125,121.14514923095703,45.597591400146484,138.4499969482422,49.33494186401367,82.13999938964844,,37.43000030517578,183.8287811279297,159.52394104003906,477.5981140136719,95.63849639892578,51.603370666503906,232.07803344726562,28.799999237060547,60.029998779296875,9.934098243713379,18.391357421875,162.53004455566406,70.13500213623047,173.74000549316406,148.55999755859375,271.13323974609375,946.7628784179688,4.311458587646484,116.75685119628906,162.02572631835938,410.6529846191406,882.6739501953125,350.0530090332031,475.9200134277344,157.1254119873047,68.06551361083984,549.2804565429688,85.01138305664062,91.82054138183594,77.7912368774414,42.5944709777832,44.21739196777344,151.3385772705078,127.59312438964844,45.19499588012695,40.38924026489258,108.71574401855469,35.78639602661133,0.05073412135243416,0.7655795216560364,0.7413448095321655,0.14812400937080383,1.1061947345733643
2024-09-02,95.46969604492188,48.02000045776367,72.68586730957031,57.7558708190918,53.68000030517578,85.9359130859375,300.8753662109375,94.4603500366211,127.22917175292969,75.1629638671875,111.79924774169922,43.629417419433594,119.1500015258789,45.709468841552734,76.05000305175781,,36.400001525878906,181.10379028320312,134.2266082763672,470.4638977050781,85.84014129638672,48.892269134521484,228.8480682373047,24.989999771118164,56.849998474121094,9.392561912536621,16.644317626953125,166.3673553466797,66.5770034790039,157.6199951171875,134.35000610351562,258.1313171386719,890.2442626953125,4.098785400390625,120.54940032958984,149.66900634765625,395.4530029296875,867.1445922851562,342.02606201171875,459.4200134277344,155.72335815429688,66.81634521484375,526.5560302734375,81.55523681640625,89.50442504882812,78.24376678466797,40.13530731201172,42.81565856933594,148.20977783203125,122.18697357177734,43.09056091308594,40.46343994140625,100.61869812011719,35.608150482177734,0.05008288845419884,0.7673419117927551,0.736594021320343,0.14856190979480743,1.109385371208191
2024-09-09,97.45298767089844,47.380001068115234,84.37281799316406,60.214881896972656,56.119998931884766,88.48643493652344,345.73675537109375,98.46125793457031,127.29554748535156,75.72744750976562,117.59038543701172,44.01552200317383,119.22000122070312,48.90620040893555,78.58999633789062,,40.33000183105469,181.86231994628906,164.29534912109375,487.49908447265625,90.64989471435547,52.16536331176758,235.0779266357422,24.889999389648438,59.09000015258789,9.490215301513672,16.283517837524414,164.93667602539062,69.70600128173828,156.77000427246094,152.30999755859375,250.7865447998047,910.9542846679688,4.060117721557617,125.531982421875,156.3620147705078,423.89373779296875,906.0369873046875,360.9679260253906,447.6099853515625,156.80331420898438,67.52973937988281,547.6530151367188,84.57329559326172,94.45071411132812,79.13002014160156,39.9393196105957,43.02833938598633,150.33734130859375,126.72931671142578,44.43280029296875,41.92877197265625,108.77002716064453,36.84184265136719,0.05207736790180206,0.7704160213470459,0.7356727719306946,0.14843180775642395,1.1086474657058716
2024-09-16,95.56324768066406,47.400001525878906,106.64852142333984,61.23828125,57.22999954223633,91.6135025024414,382.95220947265625,100.9775161743164,127.48516082763672,78.0810775756836,120.52013397216797,44.316871643066406,151.25999450683594,50.207454681396484,82.44999694824219,,43.22999954223633,181.1693572998047,168.18768310546875,486.886474609375,90.33189392089844,52.903499603271484,238.5563201904297,25.0,66.16999816894531,9.658890724182129,17.987428665161133,165.0692901611328,70.10299682617188,153.2899932861328,155.9499969482422,256.5013122558594,908.7648315429688,4.137454032897949,121.19761657714844,162.44924926757812,428.5009765625,897.1150512695312,370.34381103515625,455.30999755859375,155.51495361328125,67.74724578857422,555.43212890625,86.54961395263672,96.51659393310547,78.30035400390625,41.418556213378906,44.140052795410156,149.4901580810547,129.26251220703125,45.094322204589844,41.43724060058594,109.80126953125,37.56422805786133,0.05154692381620407,0.774713397026062,0.7366482615470886,0.14966699481010437,1.1175681352615356
2024-09-23,95.27322387695312,45.970001220703125,116.3761978149414,62.129024505615234,57.34000015258789,93.8219985961914,387.8340759277344,105.5391616821289,128.91683959960938,81.93681335449219,121.23304748535156,45.9473991394043,144.6199951171875,52.215755462646484,81.58999633789062,,41.0099983215332,182.40542602539062,169.75059509277344,487.7757568359375,106.82815551757812,52.349891662597656,231.06578063964844,22.829999923706055,67.08000183105469,9.570115089416504,19.259267807006836,164.4344940185547,70.73500061035156,156.32000732421875,164.35000610351562,252.24400329589844,865.6683959960938,4.224456310272217,123.06488800048828,162.8067626953125,421.36370849609375,875.9873046875,379.52972412109375,457.4700012207031,152.9002685546875,67.88909149169922,558.5794677734375,87.896240234375,98.75635528564453,78.68801879882812,41.021934509277344,43.80532455444336,147.86387634277344,131.28887939453125,46.66789627075195,41.36344909667969,111.26888275146484,37.979347229003906,0.05077765882015228,0.7816163897514343,0.7395902872085571,0.14972974359989166,1.1169440746307373
2024-09-30,93.8138198852539,48.56999969482422,136.83001708984375,62.77812576293945,57.11000061035156,92.98159790039062,400.2226257324219,104.08331298828125,135.03225708007812,86.25180053710938,120.4029312133789,47.442474365234375,142.6699981689453,49.90658950805664,83.43000030517578,,42.900001525878906,181.9372100830078,173.63336181640625,491.7875671386719,101.61094665527344,51.805999755859375,235.07827758789062,25.469999313354492,72.37999725341797,9.383685111999512,19.71827507019043,160.00978088378906,71.97000122070312,155.0,170.89999389648438,247.67025756835938,874.9089965820312,4.205122470855713,121.47817993164062,165.8950653076172,409.5897216796875,873.5047607421875,387.91766357421875,461.9700012207031,151.84873962402344,66.35711669921875,560.0553588867188,88.74579620361328,97.44346618652344,77.21888732910156,43.84016418457031,44.290435791015625,146.53041076660156,131.95098876953125,45.825260162353516,40.64433670043945,111.36280059814453,38.39966583251953,0.05188875272870064,0.7674008011817932,0.7365397214889526,0.14721035957336426,1.0982975959777832
2024-10-07,91.91472625732422,49.34000015258789,123.85979461669922,61.8968620300293,58.650001525878906,91.9848403930664,413.28729248046875,106.57766723632812,134.95639038085938,84.01298522949219,119.26033782958984,46.70922088623047,128.8699951171875,48.8008918762207,93.47000122070312,,43.959999084472656,181.84356689453125,178.39097595214844,496.9532470703125,106.37139892578125,52.7383918762207,233.90914916992188,26.040000915527344,73.25,9.516847610473633,19.766090393066406,162.1037139892578,72.27899932861328,151.02000427246094,167.88999938964844,248.7154083251953,919.1889038085938,4.214789867401123,121.11054992675781,162.1016845703125,409.845703125,879.3602294921875,391.28045654296875,460.2099914550781,152.95712280273438,65.78972625732422,566.5065307617188,88.30635833740234,96.6616439819336,77.38001251220703,43.66608428955078,45.12481689453125,148.70455932617188,134.7845916748047,46.17194747924805,40.56028366088867,114.09138488769531,37.42680358886719,0.05191299319267273,0.7664597034454346,0.7265329957008362,0.14660176634788513,1.09505033493042
2024-10-14,94.1973876953125,48.20000076293945,129.66281127929688,64.09528350830078,59.38999938964844,95.06305694580078,415.1465759277344,108.81967163085938,129.93133544921875,80.35816955566406,113.42037200927734,45.404598236083984,129.89999389648438,50.41806411743164,90.80000305175781,,43.31999969482422,178.2647247314453,176.82806396484375,510.884521484375,110.57970428466797,55.96290969848633,231.175048828125,29.760000228881836,80.9000015258789,9.85420036315918,19.78521728515625,163.2378692626953,76.38899993896484,155.0,155.97000122070312,250.767333984375,905.2933959960938,4.591800212860107,127.94104766845703,162.2804412841797,411.65704345703125,879.8845825195312,394.225341796875,464.79998779296875,156.4243927001953,66.61244201660156,571.403564453125,89.08758544921875,98.10237121582031,77.9487075805664,42.503971099853516,46.20176315307617,147.97018432617188,135.61227416992188,47.00977325439453,41.78372573852539,114.14082336425781,38.701908111572266,0.050325099378824234,0.7636502385139465,0.7241653800010681,0.1457088738679886,1.0875475406646729
2024-10-21,91.85859680175781,52.93000030517578,122.61416625976562,64.14266967773438,59.439998626708984,92.86432647705078,368.376220703125,99.97783660888672,125.53202056884766,79.5927505493164,118.56695556640625,45.604583740234375,130.32000732421875,52.238319396972656,88.76000213623047,,41.040000915527344,177.31138610839844,170.05532836914062,501.9993591308594,107.3563232421875,47.027488708496094,224.41802978515625,27.989999771118164,81.36000061035156,9.82756519317627,18.6090030670166,160.32156372070312,75.46800231933594,155.00999450683594,156.22999572753906,243.38424682617188,880.3724975585938,4.643122673034668,125.96736145019531,164.11756896972656,421.49169921875,881.5265502929688,378.9407653808594,454.010009765625,152.40765380859375,63.283714294433594,565.9786987304688,88.71651458740234,98.7416000366211,76.83028411865234,42.23579025268555,45.24124526977539,143.58316040039062,131.84388732910156,45.24263381958008,41.157989501953125,113.83434295654297,37.96045684814453,0.05007661506533623,0.7573462724685669,0.7199423909187317,0.1447010487318039,1.0801469087600708
2024-10-28,90.97920989990234,49.36000061035156,118.14575958251953,68.60108184814453,58.59000015258789,93.6265640258789,390.0611877441406,96.19263458251953,121.56886291503906,80.42513275146484,116.98489379882812,46.05215072631836,125.27999877929688,49.55306625366211,87.55000305175781,,40.83000183105469,192.130615234375,166.04478454589844,502.7117614746094,99.21829986572266,43.958370208740234,223.4422149658203,27.190000534057617,112.9800033569336,9.072967529296875,19.18276596069336,157.3480224609375,75.61000061035156,154.58999633789062,141.86000061035156,181.4426727294922,807.6211547851562,4.604186058044434,128.93756103515625,170.0955352783203,403.9881896972656,868.9207763671875,372.9371032714844,452.1400146484375,151.69715881347656,61.47750473022461,558.1591186523438,90.23011016845703,98.38755798339844,75.9677734375,41.41714859008789,45.250946044921875,142.76181030273438,130.4904022216797,44.84297561645508,39.91587829589844,110.68064880371094,36.89786911010742,0.04933934658765793,0.7544322609901428,0.7157683968544006,0.14526860415935516,1.0882576704025269
2024-11-04,91.06316375732422,47.630001068115234,140.28018188476562,70.5863037109375,58.810001373291016,96.7634048461914,459.411376953125,101.69573211669922,129.5994873046875,80.09026336669922,123.41082000732422,46.014060974121094,124.33000183105469,52.358673095703125,91.25,,38.5,188.30780029296875,180.5142059326172,519.2155151367188,111.32585906982422,43.74469757080078,240.7490234375,26.68000030517578,134.8000030517578,9.871109962463379,21.076181411743164,159.83547973632812,79.50399780273438,151.67999267578125,147.9499969482422,194.32000732421875,820.0570068359375,4.428974628448486,133.70729064941406,177.10633850097656,415.9689636230469,934.7749633789062,385.580810546875,463.4100036621094,147.28256225585938,60.44672775268555,584.69677734375,93.92132568359375,105.77806854248047,76.60279846191406,44.10833740234375,47.72500228881836,145.1195831298828,138.35821533203125,45.48820114135742,41.008567810058594,117.23025512695312,37.39373779296875,0.04960022494196892,0.7546600699424744,0.7583686113357544,0.14374837279319763,1.0723860263824463
2024-11-11,90.9781494140625,47.61000061035156,140.52732849121094,71.22537994384766,58.630001068115234,112.45741271972656,442.81634521484375,93.94093322753906,132.88951110839844,83.79363250732422,120.70339965820312,43.9857063293457,126.51000213623047,47.23638153076172,89.7699966430664,,36.849998474121094,155.73385620117188,162.03421020507812,516.3759155273438,95.8456802368164,39.752899169921875,235.46495056152344,24.040000915527344,124.77999877929688,9.907103538513184,20.148597717285156,161.57955932617188,82.39600372314453,140.19000244140625,134.89999389648438,185.59449768066406,737.1143798828125,4.341368198394775,132.24989318847656,171.28720092773438,408.5461730957031,898.3963012695312,387.7466735839844,470.2799987792969,145.8900146484375,58.38518524169922,572.5372924804688,92.91551971435547,104.95198059082031,75.78768157958984,44.56942367553711,48.38474655151367,137.0605926513672,135.45645141601562,43.952186584472656,40.140018463134766,113.0533447265625,37.42680358886719,0.049187421798706055,0.7444908022880554,0.7093204259872437,0.14129282534122467,1.0546298027038574
2024-11-18,92.1872787475586,56.5099983215332,160.07164001464844,72.15199279785156,62.0099983215332,113.01441955566406,488.6283874511719,96.6876220703125,134.6148681640625,86.41128540039062,127.71601104736328,44.69039535522461,129.80999755859375,49.96676254272461,104.2300033569336,,39.599998474121094,167.02285766601562,161.43460083007812,515.3567504882812,102.11335754394531,42.1324348449707,244.92845153808594,20.75,146.6699981689453,10.060074806213379,21.133556365966797,168.0031280517578,89.77899932861328,149.2899932861328,138.35000610351562,190.76271057128906,738.9022216796875,4.068816184997559,134.08746337890625,163.611083984375,411.3367614746094,954.791748046875,398.9749755859375,476.57000732421875,146.99835205078125,60.44672775268555,582.0772094726562,94.60489654541016,107.24340057373047,77.569580078125,45.764461517333984,49.21913528442383,139.30245971679688,138.90347290039062,45.30522918701172,41.176673889160156,115.47049713134766,38.46577453613281,0.048987191170454025,0.7428869009017944,0.7154099345207214,0.13970772922039032,1.0419923067092896
2024-11-25,94.33161163330078,53.22999954223633,158.01539611816406,74.59272766113281,61.52000045776367,114.7929458618164,490.82745361328125,98.34728240966797,132.86663818359375,86.28617095947266,130.03721618652344,44.43327713012695,136.0800018310547,54.901004791259766,99.83000183105469,,38.08000183105469,172.6674041748047,159.3212127685547,527.3091430664062,97.44742584228516,40.97631072998047,247.5244598388672,21.729999542236328,140.69000244140625,10.015083312988281,20.292037963867188,170.84315490722656,88.68099975585938,155.44000244140625,137.17999267578125,191.06887817382812,785.665771484375,4.088283538818359,134.34999084472656,167.77188110351562,417.70904541015625,962.58642578125,409.79461669921875,483.0199890136719,148.0250701904297,61.057647705078125,588.9583129882812,96.08920288085938,109.30857849121094,78.8775634765625,44.94580841064453,49.81097412109375,142.4429168701172,140.2082977294922,45.63746643066406,42.02653884887695,115.53475952148438,39.16473388671875,0.04911470785737038,0.7468259930610657,0.7136231064796448,0.1418439745903015,1.0580891370773315
2024-12-02,90.54360961914062,55.369998931884766,158.15379333496094,72.39081573486328,65.4000015258789,114.06981658935547,494.5390319824219,95.61029815673828,125.64437866210938,85.11209106445312,127.05001068115234,45.642669677734375,133.0,53.45683670043945,112.95999908447266,,40.16999816894531,166.30551147460938,176.47418212890625,522.9852294921875,100.6509017944336,40.16538619995117,234.34181213378906,21.200000762939453,162.75999450683594,9.45719051361084,22.90265464782715,165.6586151123047,93.4739990234375,153.92999267578125,138.58999633789062,181.44398498535156,816.64404296875,4.127219200134277,127.72875213623047,173.49172973632812,437.54595947265625,983.1182861328125,411.93365478515625,470.5,142.58192443847656,59.580753326416016,594.0996704101562,98.55978393554688,114.47162628173828,78.08139038085938,42.82390213012695,48.89897537231445,139.41836547851562,136.86839294433594,44.25554275512695,40.87781524658203,119.0492935180664,37.63459777832031,0.049559418112039566,0.745156466960907,0.7064641118049622,0.14169122278690338,1.057753324508667
2024-12-09,87.57744598388672,57.97999954223633,143.23605346679688,70.91969299316406,64.58999633789062,110.75707244873047,460.0406494140625,93.62191009521484,123.37068939208984,86.1322021484375,127.97066497802734,45.8807373046875,129.8699951171875,48.981414794921875,113.5999984741211,,38.130001068115234,163.64370727539062,220.97360229492188,523.4107666015625,101.97409057617188,39.295833587646484,231.80104064941406,21.940000534057617,172.64999389648438,9.349211692810059,20.875364303588867,163.02818298339844,91.88700103759766,169.64999389648438,126.91000366210938,185.4889373779297,779.51171875,4.360836029052734,125.5411148071289,188.71237182617188,441.1957092285156,979.8893432617188,398.1921081542969,457.8999938964844,140.01312255859375,60.14292907714844,590.5809936523438,98.56954956054688,115.7943344116211,77.75914001464844,41.977027893066406,48.064579010009766,136.2392578125,133.82057189941406,42.965091705322266,39.99993133544922,118.16448974609375,36.66645812988281,0.0497121661901474,0.7419498562812805,0.7025431990623474,0.14084307849407196,1.0506409406661987
2024-12-16,87.61522674560547,53.560001373291016,138.57667541503906,71.76988983154297,61.869998931884766,109.9620132446289,436.2689208984375,85.36949157714844,113.29199981689453,81.78227996826172,120.08634948730469,42.45254135131836,136.3800048828125,45.310821533203125,112.69000244140625,,35.70000076293945,165.729736328125,217.0318603515625,522.4509887695312,89.65760040283203,37.40040588378906,220.91061401367188,20.309999465942383,170.7100067138672,8.890298843383789,20.794389724731445,160.16903686523438,90.90499877929688,177.35000610351562,119.20999908447266,183.85745239257812,758.4117431640625,4.3121657371521,121.18529510498047,190.29310607910156,430.67059326171875,944.9468383789062,374.9105529785156,453.20001220703125,137.9600067138672,59.59980392456055,579.7603149414062,95.65953063964844,112.558837890625,75.76873016357422,39.586936950683594,47.06525421142578,133.35000610351562,130.30538940429688,41.207584381103516,38.094722747802734,116.63707733154297,36.09502410888672,0.04982759431004524,0.7377895712852478,0.9114441275596619,0.13983862102031708,1.0431879758834839
2024-12-23,87.3885269165039,54.16999816894531,138.309326171875,72.37171936035156,60.779998779296875,109.49088287353516,429.89068603515625,85.44770812988281,114.23778533935547,81.56092834472656,117.63780975341797,42.1954231262207,137.5,45.65681838989258,110.61000061035156,,34.91999816894531,168.02340698242188,238.27182006835938,526.5769653320312,88.17523956298828,36.970523834228516,221.877197265625,19.010000228881836,173.5399932861328,9.025272369384766,20.8328800201416,161.57003784179688,90.75499725341797,180.72000122070312,125.19000244140625,183.8284912109375,773.6341552734375,4.360836029052734,121.53531646728516,191.63523864746094,424.68304443359375,930.7141723632812,375.1588134765625,456.510009765625,138.5138702392578,59.50453186035156,583.5459594726562,96.1040267944336,113.1810531616211,75.732421875,40.118309020996094,47.49981689453125,134.87591552734375,130.4130401611328,41.11272048950195,38.26841735839844,117.5857162475586,36.22739791870117,0.04923052713274956,0.7362686395645142,0.6937218308448792,0.13981321454048157,1.0429704189300537
2024-12-30,86.95398712158203,54.16999816894531,160.7667694091797,73.25055694580078,59.70000076293945,109.10807800292969,446.328857421875,87.1686019897461,118.70870208740234,85.17945098876953,115.8454818725586,45.1469841003418,140.39999389648438,48.1916389465332,114.7300033569336,,35.720001220703125,171.05331420898438,229.20419311523438,515.8514404296875,89.52505493164062,37.23432159423828,222.98193359375,20.809999465942383,177.74000549316406,8.890298843383789,20.996463775634766,157.3766326904297,88.1050033569336,169.89999389648438,125.37000274658203,181.56947326660156,772.4586181640625,4.360836029052734,122.33258819580078,190.67086791992188,417.6005554199219,907.8152465820312,371.6446533203125,453.55999755859375,137.69261169433594,58.83754348754883,580.5448608398438,95.82988739013672,111.27942657470703,74.80606079101562,41.49891662597656,47.34392166137695,134.8856201171875,129.8845977783203,40.265682220458984,38.551605224609375,116.72420501708984,36.70357131958008,0.04850342869758606,0.7301934957504272,0.69245845079422,0.13822846114635468,1.0314594507217407
2025-01-06,88.3331527709961,57.849998474121094,165.09385681152344,72.78248596191406,56.5,106.6444091796875,437.8709716796875,86.89481353759766,121.46958923339844,85.4200439453125,120.52709197998047,46.72804641723633,129.19000244140625,47.25142288208008,112.62000274658203,,34.02000045776367,165.34274291992188,221.08273315429688,500.07379150390625,98.95868682861328,38.20157241821289,221.0716552734375,15.720000267028809,167.0800018310547,8.683337211608887,21.24664878845215,151.1151123046875,83.76899719238281,172.0,116.04000091552734,183.4423370361328,790.1605224609375,4.3997721672058105,121.32140350341797,190.91944885253906,413.26031494140625,927.9806518554688,372.3226318359375,442.6600036621094,135.65863037109375,58.18960952758789,569.3057250976562,93.80325317382812,108.78662872314453,72.90559387207031,41.935401916503906,46.10648727416992,135.54566955566406,128.52427673339844,40.31892395019531,36.984619140625,113.27323913574219,35.98930740356445,0.04830101132392883,0.7300335764884949,0.7731381058692932,0.13734188675880432,1.0256409645080566
2025-01-13,91.86609649658203,56.72999954223633,169.18336486816406,78.32308197021484,57.52000045776367,105.04449462890625,501.2854309082031,95.49923706054688,134.7486114501953,93.35960388183594,130.30166625976562,49.76483154296875,128.1300048828125,48.921241760253906,117.16000366210938,,36.130001068115234,163.46234130859375,234.02383422851562,519.9213256835938,105.3440933227539,40.71251678466797,228.64369201660156,12.25,175.3300018310547,9.160247802734375,22.26664161682129,153.56442260742188,85.80999755859375,171.08999633789062,121.45999908447266,195.53860473632812,716.8836059570312,4.390038013458252,125.75503540039062,194.8563232421875,423.2033996582031,934.1708374023438,390.9345397949219,467.95001220703125,140.4046630859375,59.752254486083984,586.06640625,95.35015869140625,112.92488098144531,73.76510620117188,44.57801055908203,48.94186019897461,136.06983947753906,134.80711364746094,42.753543853759766,38.77815628051758,115.91221618652344,37.54163360595703,0.048109304159879684,0.7309406995773315,0.6906554102897644,0.13764435052871704,1.0306090116500854
2025-01-20,92.74461364746094,56.97999954223633,189.23463439941406,78.82937622070312,56.70000076293945,110.0896224975586,541.4654541015625,105.78543090820312,133.39205932617188,84.78487396240234,135.60032653808594,50.873504638671875,128.1999969482422,50.703887939453125,125.12000274658203,,40.18000030517578,162.26181030273438,241.17938232421875,528.6312255859375,102.79391479492188,41.07400894165039,224.08360290527344,12.1899995803833,182.39999389648438,9.106256484985352,23.45022201538086,157.36781311035156,97.75900268554688,176.05999755859375,122.83999633789062,195.7027130126953,775.8468017578125,4.390038013458252,132.9596405029297,199.0417938232422,438.0293273925781,930.6943359375,395.8237609863281,463.19000244140625,140.20411682128906,58.999515533447266,596.2562255859375,98.3069076538086,113.3140640258789,74.39541625976562,43.32075881958008,49.54596710205078,140.07875061035156,138.0561981201172,43.07783889770508,39.22181701660156,118.48188018798828,37.85115432739258,0.049358587712049484,0.7431628704071045,0.6972042322158813,0.140639066696167,1.0506409406661987
2025-01-27,92.91466522216797,53.95000076293945,166.38111877441406,77.45378112792969,58.349998474121094,110.9729995727539,434.58734130859375,94.2183609008789,128.09600830078125,88.74022674560547,131.42799377441406,49.774478912353516,130.66000366210938,48.98893737792969,138.39999389648438,,41.47999954223633,175.2198944091797,218.08648681640625,550.3714599609375,90.88977813720703,41.7383918762207,231.2333984375,13.449999809265137,199.5500030517578,9.07026481628418,20.390239715576172,159.16087341308594,97.6760025024414,176.52000427246094,115.94999694824219,190.43170166015625,801.2042846679688,4.477644443511963,132.69712829589844,202.8295440673828,409.42315673828125,970.5099487304688,393.4173583984375,468.6700134277344,145.2939453125,60.48594665527344,590.2246704101562,100.23563385009766,114.37818908691406,75.42683410644531,41.579566955566406,50.150062561035156,142.56370544433594,135.39431762695312,42.976192474365234,39.09910583496094,114.2783203125,37.08451461791992,0.04838467761874199,0.7370826601982117,0.6878052353858948,0.13885995745658875,1.0363768339157104
2025-02-03,94.79447937011719,52.63999938964844,165.26220703125,78.7147445678711,57.27000045776367,108.81360626220703,457.7818908691406,94.01301574707031,128.1730499267578,80.88728332519531,127.48097229003906,48.472991943359375,120.87000274658203,48.484981536865234,166.66000366210938,,44.779998779296875,181.60365295410156,221.6346893310547,557.624755859375,91.94572448730469,43.80967330932617,235.13668823242188,11.399999618530273,225.22999572753906,8.314407348632812,20.467220306396484,161.05941772460938,101.39299774169922,181.49000549316406,107.55999755859375,162.6575927734375,867.61572265625,4.713686943054199,138.63775634765625,184.25852966308594,404.185302734375,1034.970947265625,389.0150451660156,472.739990234375,146.22023010253906,60.8289680480957,589.1950073242188,100.58809661865234,111.13163757324219,75.7801742553711,42.016056060791016,50.491085052490234,142.1365966796875,134.39610290527344,42.734188079833984,39.618282318115234,115.27352142333984,37.20831298828125,0.048646651208400726,0.7392075657844543,0.699594259262085,0.13844087719917297,1.0333781242370605
2025-02-10,97.09236145019531,51.41999816894531,166.01475524902344,79.37871551513672,57.08000183105469,108.34247589111328,389.28277587890625,99.21477508544922,130.32086181640625,79.86656951904297,130.69175720214844,49.07071304321289,144.0800018310547,51.441017150878906,171.16000366210938,,44.5099983215332,183.76651000976562,229.6871337890625,559.6165161132812,99.13800048828125,45.47061538696289,246.396240234375,11.180000305175781,196.3800048828125,8.530366897583008,20.890613555908203,156.1884307861328,105.86000061035156,184.4199981689453,113.0999984741211,155.68753051757812,835.4276123046875,4.890082359313965,145.81320190429688,184.149169921875,402.8831787109375,1062.7735595703125,391.049072265625,479.5899963378906,149.1136932373047,65.62171936035156,597.9528198242188,103.10426330566406,111.8311996459961,76.9834976196289,42.73245620727539,50.471595764160156,140.55438232421875,134.61138916015625,43.48925018310547,39.703243255615234,118.81361389160156,37.665443420410156,0.04928098991513252,0.7470491528511047,0.7048706412315369,0.14064934849739075,1.0498688220977783
2025-02-17,100.42953491210938,54.209999084472656,148.96372985839844,81.88064575195312,51.5099983215332,106.65422821044922,362.1976013183594,98.60855865478516,129.77186584472656,75.43169403076172,132.9702606201172,50.699974060058594,152.42999267578125,51.68171310424805,151.9600067138672,,39.29999923706055,192.5417938232422,215.51402282714844,552.4324340820312,98.46061706542969,44.28841781616211,249.76473999023438,11.020000457763672,166.39999389648438,8.623291015625,20.342126846313477,163.22645568847656,100.31500244140625,177.14999389648438,110.83999633789062,164.39527893066406,864.529541015625,4.841084003448486,144.46173095703125,178.61166381835938,403.4735412597656,1026.265380859375,367.9394226074219,478.739990234375,156.2271728515625,67.98475646972656,588.3809204101562,100.86223602294922,107.58949279785156,78.48285675048828,43.14046859741211,49.448524475097656,142.1365966796875,131.95928955078125,42.6276969909668,39.86371612548828,116.28850555419922,38.22256851196289,0.048976872116327286,0.7491759061813354,0.7025925517082214,0.1402701586484909,1.0465724468231201
2025-02-24,101.11602020263672,50.779998779296875,132.348388671875,84.01692199707031,53.970001220703125,111.6993408203125,361.53082275390625,99.6449966430664,125.90970611572266,78.45281982421875,129.75869750976562,50.47824478149414,156.5800018310547,48.691375732421875,145.3000030517578,,42.849998474121094,199.1637420654297,196.56068420410156,571.061279296875,93.27059936523438,41.85563278198242,264.5991516113281,10.149999618530273,161.77999877929688,8.874183654785156,19.06232261657715,166.68792724609375,98.05599975585938,174.6300048828125,99.86000061035156,170.82542419433594,910.98779296875,4.703887462615967,149.92189025878906,169.286376953125,392.38372802734375,1039.730224609375,378.7303466796875,513.8300170898438,158.8454132080078,67.85135650634766,582.73193359375,99.86360168457031,106.39236450195312,79.34237670898438,43.173683166503906,50.841854095458984,144.56329345703125,133.41744995117188,42.961673736572266,40.73216247558594,111.66410064697266,37.72258758544922,0.048707544803619385,0.7403020262718201,0.6913239359855652,0.13914784789085388,1.0380982160568237
2025-03-03,99.75254821777344,45.720001220703125,113.19817352294922,78.26246643066406,50.22999954223633,103.56237030029297,322.6344299316406,86.04414367675781,122.17278289794922,74.68608856201172,129.6506805419922,49.24424362182617,145.74000549316406,41.49663543701172,126.75,,39.88999938964844,204.17547607421875,192.155029296875,541.7903442382812,92.60317993164062,43.11643600463867,262.5537109375,10.460000038146973,133.97999572753906,9.199416160583496,15.21329402923584,168.71112060546875,89.11100006103516,154.17999267578125,100.30999755859375,190.6632843017578,860.4724731445312,5.125277042388916,144.00355529785156,172.84552001953125,388.7464599609375,956.1442260742188,359.8224792480469,495.6199951171875,160.45294189453125,68.06098175048828,564.82373046875,98.18942260742188,101.32300567626953,79.13227081298828,41.479942321777344,47.860328674316406,144.90301513671875,131.38189697265625,42.50669479370117,40.09026336669922,108.2032241821289,36.80356979370117,0.049392472952604294,0.7516536712646484,0.6959426403045654,0.14526648819446564,1.0837758779525757
2025-03-10,100.64881896972656,49.22999954223633,123.23867797851562,81.784423828125,50.029998779296875,96.8191909790039,339.86004638671875,85.94638061523438,124.37834167480469,74.2019271850586,128.13819885253906,48.96466827392578,152.97999572753906,44.31283187866211,116.1500015258789,,36.15999984741211,201.7744140625,192.72666931152344,522.8345947265625,100.40312957763672,45.44572067260742,266.18487548828125,11.09000015258789,128.2100067138672,9.0414457321167,15.030464172363281,161.05941772460938,91.80000305175781,161.80999755859375,100.97000122070312,190.84811401367188,804.9600219726562,5.2232747077941895,144.38441467285156,164.7138214111328,384.0515441894531,896.2655029296875,337.6099853515625,514.5999755859375,156.71810913085938,66.38433837890625,551.9662475585938,94.55712127685547,96.90393829345703,75.9329833984375,42.58537673950195,47.275718688964844,140.6805419921875,128.32855224609375,41.6161003112793,39.12742233276367,105.92567443847656,37.555931091308594,0.050213154405355453,0.7479431629180908,0.6952168941497803,0.14581723511219025,1.0924185514450073
2025-03-17,100.21976470947266,47.0099983215332,129.52206420898438,80.71630096435547,48.529998779296875,97.62405395507812,350.8390808105469,87.01496124267578,126.66095733642578,74.34717559814453,124.65164184570312,50.59393310546875,165.99000549316406,43.44707489013672,119.22000122070312,,36.88999938964844,200.09750366210938,189.47410583496094,530.811279296875,94.3564224243164,46.54648208618164,256.0231628417969,12.100000381469727,115.69999694824219,9.292339324951172,15.568940162658691,159.8321075439453,96.02899932861328,178.11000061035156,106.44000244140625,196.01434326171875,828.7977294921875,5.203675270080566,143.0952911376953,163.2208709716797,386.7202453613281,901.5603637695312,337.4562072753906,521.9099731445312,157.5074462890625,65.91400909423828,554.777587890625,95.5557632446289,97.2734375,75.7610855102539,43.89481735229492,48.191612243652344,142.3015899658203,129.4246368408203,41.524139404296875,39.184059143066406,105.9355697631836,37.49878692626953,0.04944546893239021,0.7502437829971313,0.6935293674468994,0.14498427510261536,1.0877841711044312
2025-03-24,101.98368072509766,47.5,118.0854721069336,81.22630310058594,49.90999984741211,96.25970458984375,322.9034118652344,83.71258544921875,126.63207244873047,74.9378433227539,124.44539642333984,48.29946517944336,154.67999267578125,40.421897888183594,114.91999816894531,40.0,34.16999816894531,195.60025024414062,167.19117736816406,535.6864013671875,88.10053253173828,47.254119873046875,261.6529235839844,12.5,107.70999908447266,9.032154083251953,15.316733360290527,161.116943359375,93.38500213623047,173.30999755859375,103.22000122070312,199.76010131835938,813.8954467773438,5.105677604675293,149.83401489257812,153.60617065429688,374.4048156738281,921.78759765625,344.1832275390625,526.3099975585938,157.5844268798828,67.54579162597656,546.5933837890625,94.01213836669922,97.33863830566406,77.19926452636719,44.19413375854492,48.1221809387207,140.82533264160156,127.76072692871094,41.362186431884766,39.33986282348633,102.36199188232422,37.39568328857422,0.04910023510456085,0.7464914917945862,0.6955069899559021,0.14513997733592987,1.0887316465377808
2025-03-31,99.61907958984375,38.72999954223633,97.27544403076172,76.0492172241211,47.290000915527344,81.98809814453125,295.40618896484375,65.78121185302734,100.82986450195312,70.75473022460938,117.6490707397461,46.199066162109375,142.6699981689453,30.39105987548828,97.08000183105469,47.81999969482422,28.649999618530273,178.13546752929688,144.6215362548828,485.3094177246094,64.55552673339844,43.42110824584961,241.82830810546875,7.829999923706055,86.91000366210938,8.902061462402344,12.40665054321289,157.0130615234375,85.58599853515625,136.58999633789062,85.76000213623047,179.94168090820312,730.4783935546875,4.684288024902344,139.9407501220703,144.91712951660156,355.6648254394531,908.7191772460938,340.0989685058594,493.5400085449219,147.50619506835938,67.1234359741211,497.0354309082031,85.65572357177734,90.29906463623047,75.3271255493164,37.65801239013672,43.22292709350586,131.82156372070312,115.77488708496094,37.875213623046875,37.01233673095703,90.45330810546875,35.741214752197266,0.04896632209420204,0.7434391379356384,0.7029876708984375,0.1468924880027771,1.0961307287216187
2025-04-07,99.76207733154297,38.150001525878906,110.804931640625,78.63775634765625,49.7599983215332,83.322998046875,347.4716491699219,69.152587890625,106.61827087402344,69.71863555908203,124.51415252685547,49.86380386352539,150.99000549316406,34.23223876953125,106.25,43.75,27.639999389648438,166.78761291503906,179.86495971679688,505.90863037109375,69.37324523925781,54.025760650634766,258.7236022949219,7.679999828338623,101.1500015258789,8.66975212097168,13.716188430786133,160.0430450439453,91.8290023803711,156.83999633789062,93.4000015258789,209.89791870117188,724.739013671875,4.860683441162109,139.3352813720703,156.40298461914062,383.94287109375,955.251708984375,340.0605163574219,524.1099853515625,146.0526580810547,68.56324005126953,525.2278442382812,89.62281036376953,93.72252655029297,77.14166259765625,37.72017288208008,45.63833236694336,133.37091064453125,123.36298370361328,39.14939498901367,36.97433853149414,98.37920379638672,36.59961700439453,0.04928317666053772,0.7580926418304443,0.7211365103721619,0.1520889401435852,1.1361054182052612
2025-04-14,102.69879913330078,47.810001373291016,114.48487854003906,80.1292953491211,48.16999816894531,83.24446868896484,346.6546936035156,74.70254516601562,106.00186157226562,72.52674865722656,121.84275817871094,51.16984939575195,165.0500030517578,36.33194351196289,107.9000015258789,39.09000015258789,27.3799991607666,166.34808349609375,169.03985595703125,513.4315185546875,68.62516784667969,54.133872985839844,249.1589813232422,9.220000267028809,96.16000366210938,8.948522567749023,14.6862154006958,163.61000061035156,97.3030014038086,161.89999389648438,87.5,213.53662109375,831.1626586914062,5.007680416107178,143.8277587890625,150.45106506347656,363.5126953125,986.0785522460938,341.2137145996094,518.2100219726562,151.57791137695312,70.07023620605469,517.8206176757812,88.5819320678711,91.58843231201172,78.60096740722656,38.968101501464844,45.618770599365234,132.02618408203125,122.9997787475586,39.27097702026367,38.4278564453125,95.6562271118164,37.29497146606445,0.05021265149116516,0.7631840109825134,0.7215163111686707,0.1526246815919876,1.1396790742874146
2025-04-21,101.77391815185547,48.029998779296875,125.61396789550781,81.41875457763672,51.779998779296875,88.6135025024414,395.95050048828125,81.52415466308594,109.67137908935547,75.98362731933594,126.37036895751953,52.680580139160156,164.14999389648438,40.58111572265625,121.0,41.540000915527344,30.75,178.916259765625,190.11669921875,529.459716796875,79.57726287841797,53.01345443725586,248.74598693847656,10.09000015258789,118.0999984741211,9.329507827758789,15.753244400024414,155.35775756835938,110.15299987792969,177.9499969482422,96.6500015258789,219.92872619628906,875.2757568359375,4.890082359313965,143.5249786376953,161.20040893554688,387.3034362792969,968.8853759765625,343.63543701171875,530.9600219726562,148.79603576660156,69.02397155761719,541.6553955078125,92.65703582763672,97.61529541015625,77.61209869384766,39.39365005493164,46.9584846496582,134.52073669433594,126.64166259765625,40.1804084777832,38.50385284423828,103.39859771728516,37.505977630615234,0.05131152272224426,0.7612667679786682,0.7202535271644592,0.15223713219165802,1.1394712924957275
2025-04-28,102.67973327636719,44.0,138.1515655517578,81.87327575683594,51.560001373291016,90.78271484375,430.4914245605469,91.7467041015625,114.54481506347656,78.046142578125,130.3872528076172,55.39014434814453,172.05999755859375,44.472049713134766,124.2300033569336,51.56999969482422,32.560001373291016,190.8497772216797,201.31747436523438,555.1746215820312,80.51486206054688,50.64485168457031,265.4535827636719,10.710000038146973,113.83000183105469,9.552525520324707,16.35466194152832,154.87533569335938,115.64900207519531,185.4600067138672,98.80000305175781,223.79124450683594,814.9938354492188,4.958681106567383,147.19711303710938,163.26068115234375,430.2294921875,1001.064208984375,350.3047790527344,539.7999877929688,150.27841186523438,68.7744140625,557.5122680664062,95.66181182861328,99.50731658935547,78.3033447265625,39.19761276245117,48.66001510620117,134.9884796142578,132.10940551757812,41.303829193115234,39.83386993408203,107.4359359741211,38.24448776245117,0.05110906809568405,0.7697044014930725,0.7234842777252197,0.1514142006635666,1.1303266286849976
2025-05-05,100.70006561279297,47.27000045776367,134.65017700195312,80.37091064453125,49.720001220703125,103.98443603515625,433.2610778808594,94.34917449951172,118.39733123779297,79.79878997802734,131.69349670410156,54.220550537109375,151.25,43.88492965698242,132.33999633789062,51.369998931884766,29.170000076293945,177.51231384277344,205.825439453125,564.3548583984375,85.64179992675781,53.052764892578125,267.04925537109375,9.539999961853027,108.45999908447266,9.691911697387695,16.383764266967773,152.11590576171875,114.02200317382812,194.85000610351562,102.83999633789062,225.35763549804688,726.8765258789062,5.03384256362915,145.69308471679688,152.03359985351562,433.63946533203125,1000.8558349609375,348.5654296875,513.739990234375,148.4495086669922,67.68975067138672,555.1318359375,95.4261474609375,99.99143981933594,77.6792984008789,39.41277313232422,48.7578125,129.2880096435547,133.61134338378906,41.12388229370117,39.52986526489258,107.9269790649414,38.47947692871094,0.05145224183797836,0.770653486251831,0.7173600792884827,0.1507931798696518,1.1254924535751343
2025-05-12,99.12242126464844,50.189998626708984,155.35107421875,80.58414459228516,52.31999969482422,111.32636260986328,470.6700744628906,106.25743103027344,130.7349853515625,85.49588012695312,139.66046142578125,56.43303680419922,157.60000610351562,49.74620819091797,157.19000244140625,80.30000305175781,31.100000381469727,176.95458984375,226.00267028808594,578.884521484375,97.75094604492188,49.239410400390625,268.4759521484375,10.0600004196167,113.2300033569336,10.182162284851074,17.217988967895508,157.53829956054688,119.15299987792969,205.82000732421875,117.16999816894531,223.82040405273438,750.9937133789062,5.132739543914795,145.91680908203125,165.41053771972656,449.82342529296875,1018.4684448242188,365.9306945800781,514.3099975585938,145.6676483154297,69.11035919189453,584.5045776367188,99.94312286376953,107.52994537353516,78.79298400878906,40.87108612060547,50.44956970214844,129.6875457763672,141.14053344726562,42.33484649658203,39.90986633300781,116.50260925292969,39.40980911254883,0.05139406397938728,0.7690532803535461,0.7159220576286316,0.14963115751743317,1.1164453029632568
2025-05-19,98.968505859375,49.779998779296875,156.8786163330078,80.27397918701172,50.630001068115234,107.69466400146484,470.2013854980469,111.13703918457031,124.86044311523438,86.5770034790039,135.8597869873047,58.15818786621094,162.0,49.93527603149414,158.0399932861328,102.73999786376953,27.989999771118164,176.22377014160156,226.1114044189453,559.3330078125,93.13272094726562,52.728431701660156,260.28173828125,10.949999809265137,100.76000213623047,9.767333030700684,16.897876739501953,160.0275421142578,118.53900146484375,202.36000061035156,110.30999755859375,218.65420532226562,707.6826171875,5.2810845375061035,146.35830688476562,167.6798553466797,445.7734375,1001.2628173828125,348.5654296875,503.4599914550781,147.2174072265625,68.88959503173828,569.66064453125,98.3818359375,104.0620346069336,78.34174346923828,39.202396392822266,48.94361114501953,127.00785064697266,138.24468994140625,41.67829513549805,38.60835647583008,112.49501037597656,38.872703552246094,0.0520055927336216,0.7771215438842773,0.7281200289726257,0.15233220160007477,1.1371389627456665
2025-05-26,99.55531311035156,49.529998779296875,159.2690887451172,80.71984100341797,50.08000183105469,110.95337677001953,476.912841796875,116.26309967041016,125.26839447021484,88.34962463378906,137.25794982910156,57.53440475463867,162.83999633789062,51.29859161376953,165.88999938964844,111.30999755859375,28.299999237060547,178.96434020996094,239.30917358398438,581.1869506835938,94.21994018554688,52.05698776245117,267.4434509277344,10.960000038146973,112.3499984741211,9.786190032958984,16.762075424194336,163.91583251953125,120.7229995727539,207.32000732421875,110.7300033569336,218.3374481201172,731.440185546875,5.162408351898193,151.37197875976562,170.93450927734375,455.85382080078125,1032.715576171875,353.9278259277344,503.9599914550781,150.68328857421875,69.20634460449219,579.7731323242188,99.56999206542969,105.6181640625,79.52263641357422,38.982452392578125,49.833492279052734,129.24903869628906,140.1981658935547,41.98954772949219,39.64386749267578,114.528564453125,39.285125732421875,0.05150630325078964,0.7744133472442627,0.7278549671173096,0.15215744078159332,1.1350737810134888
2025-06-02,97.9199447631836,50.0099983215332,172.2133331298828,79.62458801269531,52.5,111.79749298095703,509.1138916015625,125.16471099853516,124.66619110107422,89.74242401123047,133.27020263671875,58.23616027832031,173.05999755859375,55.282386779785156,179.6699981689453,140.16000366210938,28.6299991607666,182.54150390625,244.1137237548828,585.6729736328125,108.28411102294922,51.70151901245117,262.17779541015625,12.579999923706055,121.29000091552734,9.673053741455078,17.567197799682617,158.2522735595703,124.14700317382812,210.8000030517578,116.19000244140625,221.69482421875,763.3782348632812,5.350311756134033,151.53878784179688,172.86541748046875,465.7757568359375,1007.6566162109375,355.198974609375,493.5299987792969,150.50852966308594,68.4864501953125,589.3639526367188,101.83828735351562,104.81293487548828,78.42816925048828,39.881351470947266,50.146419525146484,130.944580078125,142.26939392089844,42.689857482910156,39.78636932373047,118.22368621826172,38.93505096435547,0.05237165093421936,0.7767593264579773,0.7302467823028564,0.15280239284038544,1.1406410932540894
2025-06-09,98.98773193359375,53.04999923706055,172.34230041503906,79.54704284667969,50.2400016784668,115.76292419433594,491.3629150390625,125.46043395996094,130.2608642578125,97.32972717285156,132.15756225585938,61.296607971191406,170.8000030517578,55.53163528442383,171.97000122070312,147.19000244140625,26.780000686645508,183.74351501464844,245.86355590820312,557.794677734375,115.30621337890625,57.171844482421875,251.4116973876953,12.5600004196167,118.18000030517578,9.833330154418945,17.120983123779297,154.64378356933594,121.21499633789062,200.32000732421875,116.16000366210938,227.80270385742188,812.4403076171875,5.132739543914795,149.5274200439453,174.06124877929688,470.3109436035156,983.1040649414062,342.9474182128906,487.5400085449219,152.51815795898438,68.65438079833984,587.2588500976562,100.72868347167969,104.60050964355469,77.72730255126953,42.12380599975586,48.8556022644043,132.6498260498047,140.03126525878906,42.495323181152344,39.795867919921875,118.62542724609375,39.045345306396484,0.05277824401855469,0.7803964614868164,0.7361602187156677,0.15488266944885254,1.1556684970855713
2025-06-16,97.8814697265625,51.09000015258789,183.8330535888672,78.4808578491211,52.779998779296875,115.4586410522461,498.6428527832031,129.09799194335938,137.0502471923828,97.74853515625,133.693603515625,59.3960075378418,176.89999389648438,59.11078643798828,179.3000030517578,183.5800018310547,27.360000610351562,178.18544006347656,247.72055053710938,528.95361328125,123.285888671875,57.49769592285156,245.93011474609375,11.680000305175781,139.14999389648438,9.984175682067871,17.549144744873047,153.4859619140625,123.14099884033203,198.75,128.24000549316406,229.57437133789062,756.28857421875,5.07340145111084,148.38929748535156,166.05921936035156,472.7270202636719,973.2553100585938,338.0738830566406,484.8500061035156,145.4213409423828,66.54698944091797,586.3114624023438,100.98399353027344,104.07685089111328,77.78490447998047,42.54457092285156,49.24675750732422,129.21006774902344,139.75640869140625,42.0284538269043,39.73886489868164,119.30492401123047,38.738433837890625,0.052193429321050644,0.7779073715209961,0.7286505103111267,0.15448547899723053,1.1526048183441162
2025-06-23,98.5644760131836,48.2400016784668,193.70498657226562,79.94444274902344,55.04999923706055,120.5937728881836,533.5264892578125,140.1693878173828,130.82421875,88.62234497070312,140.5072479248047,56.6474609375,172.22000122070312,63.098690032958984,194.0500030517578,159.99000549316406,28.260000228881836,175.3102264404297,266.9048156738281,546.1729125976562,124.44294738769531,56.04617691040039,247.78857421875,11.079999923706055,143.00999450683594,10.182162284851074,17.98885154724121,154.23855590820312,132.31199645996094,214.5500030517578,143.80999755859375,233.59738159179688,768.9012451171875,5.112959861755371,149.26254272460938,177.90777587890625,491.0856018066406,978.0704956054688,356.56243896484375,485.67999267578125,147.9649658203125,67.98736572265625,606.6648559570312,105.9932861328125,108.21402740478516,77.86417388916016,41.11680221557617,50.96589660644531,131.1290740966797,144.53382873535156,42.96109390258789,39.4177360534668,124.58503723144531,39.272987365722656,0.05316292867064476,0.7841292023658752,0.7295010089874268,0.15710672736167908,1.17205810546875
2025-06-30,99.91123962402344,47.869998931884766,190.8844451904297,79.40165710449219,57.06999969482422,122.23008728027344,539.489990234375,148.0974884033203,140.43035888671875,92.18711853027344,146.0113525390625,59.17113494873047,174.17999267578125,65.88026428222656,191.27000427246094,165.1999969482422,29.200000762939453,182.0126190185547,272.6818542480469,564.9503173828125,121.97921752929688,59.14669418334961,245.6968994140625,12.600000381469727,157.02999877929688,11.134384155273438,20.851821899414062,155.17442321777344,129.71800231933594,215.9199981689453,137.91000366210938,246.7430419921875,774.0770263671875,5.132739543914795,149.89047241210938,178.904296875,493.9571533203125,979.93701171875,359.4053649902344,485.0,151.45994567871094,68.973388671875,616.9549560546875,106.3476333618164,109.5110855102539,79.4398193359375,41.950706481933594,52.19245529174805,132.66622924804688,147.12339782714844,44.662139892578125,40.069583892822266,127.6602783203125,39.519256591796875,0.05371665582060814,0.7855459451675415,0.7349158525466919,0.15788060426712036,1.1781338453292847
2025-07-07,101.33496856689453,46.02000045776367,195.23446655273438,79.23687744140625,56.0,118.1590347290039,538.01416015625,145.8577880859375,148.65725708007812,95.6836929321289,136.017333984375,60.007442474365234,174.9600067138672,65.94007110595703,181.38999938964844,125.83999633789062,28.229999542236328,185.06092834472656,271.8891296386719,546.772705078125,124.33045196533203,59.37379837036133,230.03448486328125,14.229999542236328,145.58999633789062,11.106100082397461,20.24600601196289,151.52735900878906,124.51100158691406,226.83999633789062,146.4199981689453,252.71388244628906,786.3128662109375,4.925056457519531,152.2353973388672,179.56202697753906,498.3933410644531,963.36669921875,357.8485107421875,475.8599853515625,152.32398986816406,67.54267883300781,615.2579345703125,104.34944152832031,109.61998748779297,78.1155014038086,42.96295928955078,51.18177032470703,132.36273193359375,147.89141845703125,44.73545837402344,39.84910202026367,127.10882568359375,39.813812255859375,0.05371146276593208,0.7823501825332642,0.7301934957504272,0.15666614472866058,1.1691803932189941
2025-07-14,103.31665802001953,44.560001373291016,191.6888885498047,83.74392700195312,53.93000030517578,119.68690490722656,552.6536254882812,147.73081970214844,141.95529174804688,90.21967315673828,135.0720672607422,59.04322814941406,169.89999389648438,67.79444885253906,197.35000610351562,123.0199966430664,29.520000457763672,183.5652618408203,280.7677917480469,549.2373657226562,114.20669555664062,57.458194732666016,231.37725830078125,14.539999961853027,148.24000549316406,10.521568298339844,20.62708854675293,150.6693115234375,120.92400360107422,229.33999633789062,156.99000549316406,249.1020050048828,765.1927490234375,4.697593688964844,156.05209350585938,184.41502380371094,505.0574035644531,944.1258544921875,347.5309143066406,473.79998779296875,158.92567443847656,67.52334594726562,619.1648559570312,104.52661895751953,109.986328125,78.19283294677734,41.434940338134766,51.55464553833008,129.08279418945312,149.13206481933594,44.10000991821289,40.107933044433594,129.6127471923828,40.441566467285156,0.05336862802505493,0.7788768410682678,0.7283321022987366,0.1557341367006302,1.1629259586334229
2025-07-21,105.61577606201172,44.5,190.8844451904297,85.4498291015625,46.7599983215332,119.73619842529297,686.843017578125,149.53445434570312,137.895263671875,90.87223815917969,135.64315795898438,59.12194061279297,167.47000122070312,68.61197662353516,198.4199981689453,115.62000274658203,28.799999237060547,184.55458068847656,287.5456237792969,564.700927734375,111.08171081542969,64.9231185913086,234.84213256835938,14.25,149.66000366210938,10.813833236694336,20.25577735900879,153.77789306640625,118.04900360107422,233.05999755859375,166.47000122070312,259.21331787109375,805.8267211914062,4.282227516174316,158.51478576660156,192.50672912597656,508.6816101074219,928.7667236328125,362.9444580078125,484.07000732421875,163.3915252685547,66.86600494384766,628.5572509765625,105.93421936035156,111.3229751586914,78.7824935913086,41.98445129394531,52.437767028808594,133.62574768066406,152.60780334472656,45.15094757080078,41.01860427856445,130.1592254638672,40.81338119506836,0.05398401990532875,0.78143310546875,0.7303534746170044,0.15741561353206635,1.1748120784759521
2025-07-28,109.26168823242188,43.310001373291016,206.62596130371094,86.91340637207031,42.52000045776367,114.92584991455078,693.385009765625,153.41925048828125,130.41493225097656,89.17752075195312,131.36985778808594,57.61659240722656,174.47999572753906,76.31861114501953,200.11000061035156,104.13999938964844,25.739999771118164,189.345947265625,286.0196838378906,556.4226684570312,104.7119369506836,61.802860260009766,226.38180541992188,13.600000381469727,188.63999938964844,10.201017379760742,19.356821060180664,146.34642028808594,115.86000061035156,221.89999389648438,171.6999969482422,264.1172180175781,755.8920288085938,4.050000190734863,163.10658264160156,188.4708709716797,518.9797973632812,946.9946899414062,361.3199768066406,472.8399963378906,162.44981384277344,66.56632995605469,613.3834838867188,104.45771026611328,106.97639465332031,77.48717498779297,41.256591796875,50.436031341552734,128.3876495361328,147.4384765625,42.38919448852539,39.5806999206543,127.7149429321289,41.43147659301758,0.05306728929281235,0.775494396686554,0.7247952818870544,0.15529638528823853,1.1595547199249268
2025-08-04,109.1150131225586,42.40999984741211,200.7365264892578,87.6888198852539,41.439998626708984,110.82523345947266,689.854736328125,149.09840393066406,130.52267456054688,78.80464172363281,133.78216552734375,54.79282760620117,191.49000549316406,74.7433853149414,204.60000610351562,129.5500030517578,33.04999923706055,192.09078979492188,302.2014465332031,570.7632446289062,118.6994857788086,68.11249542236328,231.4711456298828,13.09000015258789,215.44000244140625,10.672414779663086,20.333948135375977,149.12472534179688,121.16400146484375,229.1199951171875,172.75999450683594,259.0860900878906,620.3662719726562,4.099999904632568,164.86280822753906,200.718017578125,516.9300537109375,975.2896118164062,375.0413513183594,465.3999938964844,168.2748260498047,67.99703216552734,628.6361694335938,105.94406127929688,110.78337860107422,79.72982025146484,40.938453674316406,50.877586364746094,127.43791961669922,148.5117645263672,43.185943603515625,39.5423583984375,132.11170959472656,41.61497497558594,0.053865090012550354,0.7782707214355469,0.7271669507026672,0.1559819132089615,1.164958119392395
2025-08-11,108.62035369873047,41.5,195.97933959960938,86.95433807373047,44.040000915527344,113.74298095703125,679.4685668945312,153.04266357421875,133.9597930908203,84.15827178955078,136.70164489746094,56.209625244140625,198.32000732421875,74.83311462402344,200.91000366210938,99.97000122070312,31.040000915527344,200.47080993652344,303.5589599609375,578.0975341796875,120.67631530761719,68.45809936523438,232.07211303710938,15.369999885559082,246.5,10.93038558959961,20.675941467285156,149.95046997070312,123.8949966430664,235.25999450683594,177.50999450683594,260.613037109375,696.835205078125,4.199999809265137,160.53651428222656,203.18936157226562,515.0783081054688,966.4014282226562,386.1905517578125,477.20001220703125,171.48828125,67.59101104736328,634.812255859375,109.7337646484375,113.38735961914062,79.28515625,41.242130279541016,51.47614669799805,133.3614044189453,148.12774658203125,44.00714111328125,39.619041442871094,132.0023956298828,41.34456253051758,0.053394559770822525,0.7811279296875,0.7237460613250732,0.15684060752391815,1.170823097229004
2025-08-18,110.58928680419922,40.33000183105469,189.1563720703125,87.15924072265625,43.63999938964844,117.1634521484375,688.0709838867188,157.7797393798828,142.3518524169922,84.75590515136719,141.242919921875,56.96722412109375,194.3000030517578,76.73734283447266,196.1699981689453,93.98999786376953,31.530000686645508,204.26316833496094,291.3310241699219,595.250732421875,117.49142456054688,69.87997436523438,234.0064239501953,15.4399995803833,217.30999755859375,11.217022895812988,21.936431884765625,154.1373291015625,120.46499633789062,230.1199951171875,167.75999450683594,264.26409912109375,707.2196655273438,4.309999942779541,162.0443115234375,205.37173461914062,503.09075927734375,952.9797973632812,399.15771484375,489.0,174.06097412109375,67.79402923583984,636.6571655273438,109.56641387939453,115.39728546142578,79.72015380859375,42.48575973510742,52.565330505371094,135.28041076660156,150.78623962402344,45.058067321777344,40.58723068237305,130.37286376953125,41.5473747253418,0.05380828306078911,0.7808229923248291,0.7230135202407837,0.15702283382415771,1.172333002090454
2025-08-25,107.67955017089844,38.97999954223633,187.81558227539062,85.9493637084961,42.13999938964844,116.69029998779297,701.942626953125,165.89613342285156,148.85400390625,84.87347412109375,135.4774932861328,56.691734313964844,194.27000427246094,80.09715270996094,208.7100067138672,103.04000091552734,32.619998931884766,204.06918334960938,294.69024658203125,591.6033935546875,118.81929016113281,73.46434020996094,231.9875946044922,14.800000190734863,225.0800018310547,11.245686531066895,22.05368423461914,152.5538787841797,120.82499694824219,234.67999267578125,162.6300048828125,266.3632507324219,727.9887084960938,4.300000190734863,165.8384552001953,212.16795349121094,502.5551452636719,937.8480224609375,393.33648681640625,502.9800109863281,173.26531982421875,66.69200134277344,636.400634765625,109.6451644897461,114.72400665283203,78.08650207519531,43.570316314697266,52.97745132446289,134.55587768554688,149.67359924316406,45.10694885253906,40.558475494384766,130.3877716064453,40.7168083190918,0.05364777892827988,0.779119610786438,0.7276961207389832,0.15656313300132751,1.1686338186264038
2025-09-01,104.85710144042969,38.08000183105469,186.7131805419922,85.61763000488281,41.060001373291016,116.22702026367188,704.8666381835938,186.46966552734375,153.51519775390625,82.76707458496094,138.6859893798828,55.520904541015625,205.91000366210938,91.86861419677734,214.42999267578125,89.08999633789062,32.7599983215332,206.1641845703125,331.8498229980469,580.6019287109375,131.15948486328125,75.46221923828125,228.9828338623047,16.350000381469727,240.0,11.217022895812988,22.981952667236328,155.4487762451172,124.38200378417969,229.61000061035156,151.13999938964844,266.6976623535156,722.65234375,4.550000190734863,165.3851318359375,234.1809844970703,490.9605407714844,957.89111328125,407.41259765625,499.7699890136719,174.49755859375,65.69630432128906,638.5612182617188,112.89347839355469,116.39234924316406,78.17350006103516,42.10978317260742,52.074703216552734,135.01605224609375,148.61021423339844,44.950531005859375,40.43385314941406,130.59144592285156,40.306358337402344,0.05347536504268646,0.7783312201499939,0.7230135202407837,0.15697108209133148,1.172333002090454
2025-09-08,106.16649627685547,35.709999084472656,208.2646484375,88.09590911865234,38.630001068115234,114.30484008789062,752.1497802734375,194.2293243408203,153.46621704101562,83.89375305175781,137.7382354736328,56.032527923583984,195.5800018310547,97.4781494140625,221.32000732421875,111.95999908447266,35.689998626708984,211.770263671875,356.6029968261719,576.8154907226562,156.97804260253906,78.51360321044922,233.13316345214844,15.399999618530273,254.2899932861328,11.159695625305176,24.164274215698242,153.38934326171875,118.84400177001953,215.94000244140625,158.57000732421875,270.2191467285156,750.65576171875,4.510000228881836,166.67613220214844,240.17538452148438,505.7389221191406,962.2855834960938,411.049560546875,493.739990234375,174.13571166992188,64.7779541015625,648.5949096679688,115.51180267333984,118.13494110107422,77.641845703125,42.707489013671875,52.791011810302734,135.22166442871094,149.2501983642578,44.81366729736328,40.5968132019043,134.5758819580078,41.28661346435547,0.05427378788590431,0.7788768410682678,0.7219695448875427,0.15724927186965942,1.1737089157104492
2025-09-15,103.83870697021484,33.70000076293945,210.05975341796875,86.51526641845703,39.31999969482422,112.13624572753906,796.079833984375,219.2425537109375,159.24371337890625,83.36470031738281,137.15576171875,55.69800567626953,197.67999267578125,106.43144226074219,225.94000244140625,124.86000061035156,36.56999969482422,215.77601623535156,341.8085632324219,580.542236328125,162.46923828125,80.96064758300781,227.5555419921875,15.550000190734863,264.4800109863281,11.102367401123047,24.547365188598633,151.58245849609375,122.6969985961914,215.64999389648438,157.38999938964844,270.63232421875,747.2769775390625,4.739999771118164,162.79327392578125,254.05926513671875,513.703369140625,945.642578125,404.24237060546875,492.8500061035156,172.30694580078125,64.70976257324219,656.6160278320312,117.53953552246094,119.50128173828125,76.73318481445312,42.66893005371094,53.232574462890625,134.41880798339844,150.76654052734375,44.3981819152832,40.117515563964844,138.5702362060547,41.02102279663086,0.0544537715613842,0.7801772952079773,0.7250685691833496,0.15795966982841492,1.1791062355041504
2025-09-22,105.85611724853516,36.16999816894531,206.02320861816406,90.00828552246094,40.08000183105469,111.85038757324219,802.7162475585938,215.55596923828125,171.9835968017578,90.26195526123047,137.8961944580078,57.872398376464844,191.99000549316406,106.68096160888672,216.33999633789062,120.33999633789062,35.099998474121094,213.9719696044922,332.06103515625,561.6301879882812,157.01797485351562,84.45784759521484,228.62599182128906,15.199999809265137,240.11000061035156,11.474995613098145,23.574899673461914,148.1436004638672,121.06099700927734,221.25999450683594,159.4600067138672,274.2127685546875,719.9990234375,4.659999847412109,172.36239624023438,245.90049743652344,507.28619384765625,910.6368408203125,398.79656982421875,500.0299987792969,175.74935913085938,63.969444274902344,654.7560424804688,116.72462463378906,118.87889862060547,75.8776626586914,44.71995162963867,53.023868560791016,133.27296447753906,150.85552978515625,43.631534576416016,40.45269012451172,138.70852661132812,42.20136260986328,0.05449264496564865,0.7744133472442627,0.7175145149230957,0.15678822994232178,1.170823097229004
2025-09-29,110.6280746459961,34.529998779296875,200.82339477539062,93.07196807861328,41.7599983215332,110.86466217041016,816.3384399414062,251.30868530273438,157.06980895996094,88.26331329345703,139.37704467773438,58.39385986328125,204.0500030517578,131.06549072265625,216.6699981689453,134.7899932861328,37.369998931884766,226.87179565429688,335.8726806640625,576.8552856445312,187.64645385742188,86.05289459228516,230.80419921875,19.790000915527344,207.1999969482422,12.105594635009766,23.997285842895508,147.92015075683594,115.33200073242188,216.3000030517578,164.6699981689453,279.5933532714844,834.606201171875,4.900000095367432,172.50038146972656,244.71360778808594,513.1281127929688,910.0701293945312,384.1805114746094,498.75,184.48255920410156,64.92406463623047,662.0672607421875,114.96640014648438,117.96143341064453,75.94579315185547,43.22264099121094,52.886043548583984,142.43980407714844,152.66485595703125,44.13248062133789,40.645870208740234,141.63351440429688,43.22224426269531,0.05439601466059685,0.7759155631065369,0.7161784768104553,0.15728414058685303,1.1742602586746216
2025-10-06,113.51841735839844,37.15999984741211,195.7230224609375,92.94512939453125,39.81999969482422,107.63147735595703,814.4022827148438,213.123779296875,154.73924255371094,85.56907653808594,131.1139373779297,58.87596893310547,209.5500030517578,115.205078125,213.82000732421875,138.42999267578125,37.290000915527344,223.56439208984375,322.2341003417969,554.7589111328125,181.4225311279297,84.348876953125,225.4497833251953,24.489999771118164,198.5500030517578,10.901723861694336,23.967815399169922,145.4138641357422,122.00800323486328,210.72999572753906,214.89999389648438,278.36376953125,828.2662353515625,5.320000171661377,163.53240966796875,235.9563751220703,506.790283203125,924.6152954101562,365.4022521972656,489.1300048828125,186.51669311523438,65.30397033691406,646.0499877929688,111.42031860351562,113.44352722167969,76.01392364501953,41.42878723144531,51.35026168823242,139.77432250976562,148.205810546875,42.654197692871094,39.29358673095703,138.4846954345703,43.84935760498047,0.053819864988327026,0.7707723379135132,0.7135212421417236,0.15565897524356842,1.1619800329208374
2025-10-13,113.99366760253906,35.41999816894531,200.18710327148438,93.51103210449219,41.86000061035156,109.0903549194336,826.2280883789062,224.0791778564453,154.49441528320312,81.81674194335938,128.21148681640625,56.49495315551758,210.5,125.96499633789062,210.00999450683594,136.8699951171875,41.40999984741211,224.26759338378906,346.7518005371094,558.23193359375,202.18223571777344,89.92655181884766,211.93218994140625,27.479999542236328,194.9499969482422,11.389004707336426,22.553319931030273,147.0749969482422,119.93599700927734,212.94000244140625,233.0800018310547,275.44232177734375,797.7984008789062,5.739999771118164,172.54965209960938,252.64295959472656,509.3888854980469,930.8985595703125,381.1075134277344,492.4200134277344,188.96160888671875,66.66771697998047,657.2986450195312,113.53414154052734,116.25543975830078,77.60039520263672,41.79825210571289,51.36994934082031,140.91525268554688,150.01513671875,43.160057067871094,40.607234954833984,141.7777862548828,44.51536178588867,0.05446474626660347,0.7723796963691711,0.7132158875465393,0.15604762732982635,1.1661807298660278
2025-10-20,112.49031066894531,40.029998779296875,200.30641174316406,94.2330551147461,41.189998626708984,110.0859375,979.6539306640625,232.7480926513672,167.4987030029297,84.71671295166016,115.13069915771484,57.2230339050293,202.0,129.18896484375,217.85000610351562,132.5500030517578,39.45000076293945,222.7240753173828,351.516357421875,570.8699340820312,218.8059844970703,82.5953140258789,205.80746459960938,27.25,214.1999969482422,13.223475456237793,23.083759307861328,149.16976928710938,109.46900177001953,221.35000610351562,252.9199981689453,295.0072021484375,820.2765502929688,6.300000190734863,175.35829162597656,259.2458190917969,519.3370971679688,926.7329711914062,376.0312805175781,492.1000061035156,186.20375061035156,67.90483093261719,670.0213623046875,114.13668060302734,117.86224365234375,76.97747802734375,42.81428527832031,52.2855110168457,143.6298828125,153.15919494628906,43.71503448486328,41.196449279785156,146.04090881347656,44.427860260009766,0.05423111096024513,0.7700600624084473,0.7142857313156128,0.15561538934707642,1.1627906560897827
2025-10-27,116.64153289794922,48.45000076293945,187.2124786376953,93.75496673583984,31.690000534057617,111.01251983642578,963.6068115234375,254.38058471679688,166.03964233398438,81.60120391845703,109.81940460205078,53.57280349731445,201.60000610351562,149.9302978515625,253.3000030517578,133.7100067138672,40.65999984741211,213.00387573242188,366.9019470214844,549.2957763671875,223.55133056640625,80.21762084960938,193.5110626220703,28.170000076293945,208.9499969482422,12.545104026794434,23.98746109008789,147.0959014892578,111.88600158691406,201.02000427246094,256.1199951171875,316.7557373046875,857.4522094726562,6.909999847412109,178.41331481933594,280.4606018066406,513.5844116210938,907.4450073242188,369.1365051269531,477.5400085449219,184.7074737548828,67.11579895019531,674.780029296875,113.40572357177734,118.98799133300781,74.24253845214844,42.84345626831055,51.5569953918457,141.879150390625,153.30751037597656,42.07467269897461,39.50608825683594,149.5727996826172,43.31460952758789,0.05391649529337883,0.7700007557868958,0.7117944359779358,0.15450696647167206,1.160092830657959
2025-11-03,117.77632141113281,48.099998474121094,189.89688110351562,94.82823181152344,30.59000015258789,109.15934753417969,953.307861328125,277.7130432128906,171.9738006591797,80.36674499511719,109.4639892578125,55.963653564453125,197.74000549316406,162.65655517578125,232.80999755859375,104.01000213623047,49.47999954223633,214.0980224609375,346.8510437011719,549.2758178710938,237.6875,82.6151351928711,204.09780883789062,27.75,194.5800018310547,12.767509460449219,23.034643173217773,143.77972412109375,110.36599731445312,194.61000061035156,233.5399932861328,304.49945068359375,918.5767211914062,6.840000152587891,187.48968505859375,278.1067199707031,492.76568603515625,918.685302734375,360.8900451660156,499.05999755859375,182.45816040039062,68.72308349609375,663.808349609375,110.73875427246094,116.96957397460938,74.66104888916016,43.52891159057617,51.96063232421875,143.7380828857422,151.59706115722656,42.148338317871094,39.86347961425781,143.3447265625,43.6014289855957,0.05423963814973831,0.7688758969306946,0.711946427822113,0.15487788617610931,1.157139539718628
2025-11-10,118.57792663574219,48.84000015258789,173.6810760498047,93.35914611816406,31.56999969482422,104.28987121582031,908.3011474609375,256.6969299316406,177.986328125,83.8126449584961,109.02490234375,58.41353988647461,204.39999389648438,157.53610229492188,210.60000610351562,77.36000061035156,45.84000015258789,226.99314880371094,339.9324951171875,543.0663452148438,246.58877563476562,86.98416137695312,211.52825927734375,27.079999923706055,193.30999755859375,12.74817943572998,22.42562484741211,144.45469665527344,111.21700286865234,194.52000427246094,246.80999755859375,308.8373718261719,1020.3505249023438,6.730000019073486,191.75376892089844,275.69305419921875,506.0166320800781,918.9242553710938,352.3809814453125,508.94000244140625,191.61187744140625,69.3172836303711,664.758056640625,109.96829223632812,114.50481414794922,75.19635009765625,44.734535217285156,51.63575744628906,149.33456420898438,150.29196166992188,42.61491012573242,39.55438232421875,143.3397674560547,43.14932632446289,0.05463316664099693,0.7709506154060364,0.7128092050552368,0.15563476085662842,1.1629259586334229
2025-11-17,118.12824249267578,48.209999084472656,167.61630249023438,92.03315734863281,31.6299991607666,102.79155731201172,892.8034057617188,236.09835815429688,170.91990661621094,77.40646362304688,111.63983154296875,55.28477096557617,210.49000549316406,138.93080139160156,186.3800048828125,71.6500015258789,43.810001373291016,230.8225860595703,337.6891784667969,537.7623901367188,207.16734313964844,82.71420288085938,213.1533660888672,29.290000915527344,183.47999572753906,12.400238990783691,20.15654182434082,147.63394165039062,104.30999755859375,179.6999969482422,203.77999877929688,300.4960021972656,1054.60498046875,5.940000057220459,197.79861450195312,298.8827209472656,469.1436462402344,895.0596313476562,333.8653564453125,504.0400085449219,199.40621948242188,71.06092834472656,651.995849609375,110.53131866455078,111.83177185058594,75.81927490234375,43.47057342529297,50.867862701416016,152.06886291503906,147.93885803222656,42.408634185791016,39.50608825683594,135.90292358398438,42.852779388427734,0.05415710061788559,0.7674008011817932,0.7093204259872437,0.15417109429836273,1.1516757011413574
2025-11-24,120.99249267578125,49.15999984741211,177.8269805908203,95.78520202636719,34.52000045776367,102.97884368896484,975.5450439453125,275.06866455078125,174.18161010742188,77.56414794921875,113.83876037597656,57.232872009277344,212.3300018310547,163.02584838867188,200.2100067138672,73.12000274658203,44.52000045776367,222.44076538085938,399.9859619140625,547.8429565429688,236.2489013671875,90.14816284179688,214.9193878173828,30.100000381469727,216.47000122070312,12.835165023803711,21.48263168334961,144.9340362548828,107.58000183105469,189.0,217.52999877929688,309.853515625,1070.2991943359375,6.079999923706055,206.000244140625,319.3494873046875,488.9082946777344,909.5755615234375,347.0908508300781,513.8099975585938,203.64450073242188,71.22652435302734,676.0958251953125,113.97863006591797,117.26712799072266,77.25000762939453,43.971290588378906,52.502098083496094,155.0589141845703,151.95297241210938,43.90657043457031,40.24984359741211,142.3796844482422,44.05839538574219,0.05470459163188934,0.7713668942451477,0.7152052521705627,0.15529155731201172,1.15968918800354
2025-12-01,114.90229797363281,50.880001068115234,166.20449829101562,92.54390716552734,33.939998626708984,103.79700469970703,1000.0499877929688,277.1563415527344,171.59983825683594,76.7559814453125,117.7512435913086,59.36791229248047,205.44000244140625,168.71104431152344,200.9499969482422,88.30000305175781,48.29999923706055,220.85816955566406,387.35986328125,542.8573608398438,236.98818969726562,89.18437957763672,209.37709045410156,30.84000015258789,234.11000061035156,12.593539237976074,22.916770935058594,140.3265838623047,100.23999786376953,201.88999938964844,217.97000122070312,300.92205810546875,1005.4524536132812,6.070000171661377,202.13192749023438,320.4366149902344,480.11407470703125,890.7485961914062,347.0748291015625,504.3399963378906,198.73348999023438,68.66624450683594,678.3712768554688,115.69734954833984,118.75492095947266,76.36431121826172,44.64702224731445,52.84666061401367,150.7410430908203,152.8329315185547,43.30739212036133,39.593021392822266,145.85186767578125,42.09926986694336,0.05506729334592819,0.7722008228302002,0.7233796119689941,0.15589922666549683,1.164686679840088
2025-12-08,111.56881713867188,49.459999084472656,169.11758422851562,90.7071762084961,36.13999938964844,110.007080078125,966.5679321289062,285.95452880859375,165.8450164794922,78.04708099365234,121.18830108642578,61.827640533447266,220.4199981689453,176.15313720703125,202.44000244140625,78.58999633789062,47.65999984741211,218.1619415283203,357.2735595703125,569.138427734375,240.90435791015625,97.51063537597656,220.61199951171875,30.18000030517578,224.77999877929688,13.299086570739746,23.44720458984375,139.72987365722656,95.19000244140625,204.3800048828125,210.77999877929688,322.9938049316406,1022.56982421875,6.269999980926514,184.7393341064453,308.68951416015625,475.5132751464844,880.5834350585938,352.0077209472656,499.5199890136719,208.23074340820312,69.17634582519531,674.4832763671875,115.12445068359375,119.71701049804688,77.29866027832031,44.24839782714844,54.096946716308594,151.5279083251953,154.96852111816406,44.34858322143555,39.361202239990234,142.9567413330078,41.642311096191406,0.0555589534342289,0.7742335200309753,0.7258474230766296,0.15720057487487793,1.1746740341186523
2025-12-15,111.92074584960938,46.38999938964844,162.08840942382812,89.87229919433594,37.63999938964844,110.39411163330078,939.396728515625,294.62335205078125,160.33656311035156,77.56414794921875,119.45491027832031,61.27666091918945,199.99000549316406,180.88812255859375,195.67999267578125,83.0,47.52000045776367,221.5811004638672,337.8479919433594,569.4369506835938,265.66015625,100.64044189453125,210.68280029296875,31.84000015258789,233.19000244140625,13.018800735473633,24.141611099243164,141.31460571289062,94.38999938964844,214.0800018310547,213.42999267578125,332.5970764160156,1066.2884521484375,6.5,184.02699279785156,306.56365966796875,482.856689453125,851.8602294921875,337.66900634765625,494.5299987792969,203.10321044921875,68.72510528564453,675.3153686523438,115.09481048583984,120.8576431274414,76.6757583618164,42.90665054321289,53.98865509033203,152.39346313476562,154.09844970703125,44.564674377441406,38.95551681518555,143.86209106445312,41.447853088378906,0.055494822561740875,0.7735148668289185,0.7249528765678406,0.1567496359348297,1.1713716983795166
2025-12-22,113.07426452636719,47.459999084472656,160.9603729248047,91.19828033447266,37.810001373291016,112.69646453857422,962.4537353515625,285.2893371582031,161.61761474609375,76.33219146728516,117.84039306640625,61.758766174316406,208.97999572753906,181.34762573242188,202.38999938964844,76.41999816894531,49.52000045776367,224.66810607910156,350.1999206542969,576.77099609375,284.5116882324219,105.10164642333984,213.3600311279297,31.700000762939453,225.77000427246094,12.864160537719727,24.20090103149414,141.58851623535156,94.47000122070312,216.44000244140625,214.99000549316406,346.91302490234375,1072.5682373046875,6.619999885559082,185.85728454589844,312.9013366699219,484.6354064941406,869.5123291015625,342.34747314453125,498.29998779296875,204.34326171875,68.53872680664062,684.9600219726562,116.9043197631836,121.29593658447266,76.75130462646484,43.341041564941406,54.94792175292969,154.13880920410156,155.965576171875,45.525333404541016,39.56678771972656,146.00335693359375,41.905303955078125,0.05587903410196304,0.7790589332580566,0.7311010360717773,0.15760689973831177,1.1775789260864258
2025-12-29,113.21112823486328,48.810001373291016,164.50474548339844,92.19031524658203,37.4900016784668,110.99947357177734,1002.2069702148438,286.60504150390625,162.8986358642578,78.97351837158203,119.99969482421875,62.14248275756836,213.2899932861328,187.5010986328125,196.02000427246094,79.31999969482422,48.970001220703125,224.01358032226562,345.7146301269531,560.3814086914062,315.23907470703125,100.57089233398438,211.91616821289062,28.270000457763672,241.88999938964844,12.893155097961426,23.884679794311523,138.70274353027344,90.98999786376953,227.77000427246094,223.47000122070312,345.5495910644531,1075.1656494140625,6.510000228881836,184.94711303710938,314.53814697265625,469.95849609375,850.7452392578125,338.4715881347656,496.8500061035156,204.06768798828125,67.80302429199219,677.8753051757812,115.84398651123047,117.61878967285156,76.22151184082031,44.76286315917969,54.266258239746094,153.60540771484375,156.72946166992188,45.53520965576172,39.430084228515625,143.7813720703125,42.29712677001953,0.05589652433991432,0.7780889868736267,0.7281200289726257,0.1569095104932785,1.1731581687927246
2026-01-05,114.28643798828125,46.16999816894531,165.63973999023438,91.85636138916016,40.11000061035156,114.99882507324219,1008.9672241210938,303.021484375,182.57733154296875,81.40786743164062,123.95181274414062,58.856292724609375,202.99000549316406,200.24758911132812,182.77999877929688,80.13999938964844,53.20000076293945,214.99676513671875,343.07916259765625,573.591064453125,344.8920593261719,108.29106140136719,214.95326232910156,27.860000610351562,244.55999755859375,13.724349021911621,21.90829086303711,138.78099060058594,89.45999908447266,234.52999877929688,203.1699981689453,382.34234619140625,1058.4466552734375,6.480000019073486,184.0962677001953,327.9320983886719,476.258544921875,920.81591796875,366.67919921875,499.1000061035156,201.15455627441406,69.16653442382812,688.6908569335938,116.8448715209961,123.64134979248047,77.75202178955078,45.763038635253906,55.05659484863281,155.3833770751953,160.648193359375,47.648075103759766,39.54725646972656,145.62472534179688,41.64082336425781,0.05566967651247978,0.7773028016090393,0.7186489701271057,0.15575839579105377,1.163602590560913
2026-01-12,117.26799774169922,49.040000915527344,165.86874389648438,94.70477294921875,39.959999084472656,110.35440826416016,1118.380859375,325.1692199707031,180.78390502929688,85.49796295166016,123.22875213623047,65.31060791015625,205.8300018310547,221.27528381347656,184.1699981689453,101.2300033569336,52.7599983215332,211.08389282226562,349.7822265625,537.6632080078125,362.54193115234375,113.38816833496094,202.17555236816406,33.400001525878906,231.00999450683594,13.144445419311523,21.186906814575195,141.38307189941406,88.0,247.67999267578125,231.8300018310547,420.7850646972656,1033.407470703125,6.550000190734863,189.3397674560547,329.35931396484375,456.9609375,959.375732421875,372.0917053222656,493.2900085449219,215.1986541748047,69.09786987304688,686.2994995117188,114.1296157836914,121.54438781738281,80.5579605102539,46.76321792602539,53.78217697143555,153.83261108398438,165.578857421875,48.062747955322266,41.2170295715332,145.09661865234375,42.502830505371094,0.056782692670822144,0.7762166857719421,0.7186489701271057,0.15525539219379425,1.1607661247253418
2026-01-19,114.0127182006836,52.900001525878906,159.41717529296875,91.53223419189453,40.869998931884766,110.13609313964844,1119.838623046875,344.974609375,184.36094665527344,91.04671478271484,123.63484954833984,69.73811340332031,235.38999938964844,236.1395263671875,173.44000244140625,92.9800033569336,53.61000061035156,215.9190673828125,318.2957763671875,522.963134765625,399.4207458496094,123.51282501220703,205.83204650878906,34.38999938964844,218.8800048828125,13.105786323547363,20.801509857177734,147.92355346679688,86.12000274658203,252.14999389648438,259.67999267578125,413.5529479980469,1059.173095703125,6.769999980926514,181.72183227539062,327.2933044433594,463.0125732421875,978.929443359375,375.61517333984375,478.9700012207031,216.6552276611328,71.49137878417969,683.8883056640625,115.9034423828125,122.36925506591797,81.34284210205078,48.234066009521484,52.428733825683594,155.55128479003906,162.92005920410156,49.33639144897461,40.27961349487305,144.5685272216797,41.68980407714844,0.057642530649900436,0.7860399484634399,0.7289161086082458,0.15839074552059174,1.182732105255127
2026-01-26,117.092041015625,60.4900016784668,157.6549530029297,94.18419647216797,38.869998931884766,111.94225311279297,1140.46923828125,406.3643493652344,178.7834930419922,91.88445281982422,124.08057403564453,67.7801742553711,226.10000610351562,249.96485900878906,177.35000610351562,93.19000244140625,55.25,219.61192321777344,329.48406982421875,536.9655151367188,414.6419982910156,111.6295166015625,207.80014038085938,34.22999954223633,180.27000427246094,13.415066719055176,21.265962600708008,149.51954650878906,83.48999786376953,233.72000122070312,236.72999572753906,415.45977783203125,1032.16357421875,6.429999828338623,186.35195922851562,337.3437805175781,427.577392578125,937.3972778320312,366.6302185058594,480.5299987792969,223.6526641845703,73.38460540771484,686.6071166992188,118.9952621459961,120.4213638305664,81.93150329589844,50.057918548583984,52.79426193237305,152.8448486328125,164.1304168701172,48.64527130126953,40.455379486083984,143.36289978027344,42.36569595336914,0.057303305715322495,0.7876496315002441,0.7341066002845764,0.15869741141796112,1.1855363845825195
2026-02-02,118.08915710449219,55.939998626708984,148.99313354492188,96.21737670898438,39.38999938964844,107.87342071533203,1228.5032958984375,427.92401123046875,200.94500732421875,91.30296325683594,132.75741577148438,67.50468444824219,222.14999389648438,282.28057861328125,173.2100067138672,89.94999694824219,62.91999816894531,220.02552795410156,331.0952453613281,546.8818359375,394.4635925292969,114.58047485351562,202.0956268310547,33.04999923706055,139.8300018310547,13.337746620178223,23.33129119873047,156.809814453125,82.19999694824219,243.02999877929688,208.44000244140625,392.99285888671875,1053.0924072265625,7.070000171661377,193.8313751220703,322.233154296875,398.6111755371094,998.1224365234375,376.9658508300781,508.0899963378906,236.19100952148438,77.52420043945312,685.267578125,114.71428680419922,117.2610092163086,86.27776336669922,52.21516799926758,53.60435485839844,155.77847290039062,171.80914306640625,50.85686492919922,41.0022087097168,140.6227569580078,42.46364974975586,0.05797605216503143,0.7859163880348206,0.730833888053894,0.15818530321121216,1.1818934679031372
2026-02-09,128.0283966064453,54.11000061035156,170.73727416992188,103.87957000732422,36.29999923706055,104.64813232421875,1336.03955078125,424.6048278808594,198.45651245117188,93.79185485839844,134.046875,69.66924285888672,216.32000732421875,281.2816162109375,195.85000610351562,96.04000091552734,68.16000366210938,227.97256469726562,323.3876953125,516.604736328125,411.4238586425781,124.99327087402344,204.33348083496094,32.209999084472656,139.64999389648438,13.794829368591309,22.422149658203125,157.6964874267578,76.87000274658203,242.9600067138672,207.32000732421875,413.75054931640625,1036.7271728515625,7.03000020980835,208.4735870361328,305.1264343261719,398.7900085449219,1015.389892578125,382.7405090332031,497.54998779296875,239.5962371826172,77.18087005615234,676.46630859375,113.5449447631836,115.46220397949219,87.8180923461914,53.29378890991211,51.02589797973633,155.7389678955078,172.79132080078125,52.6340446472168,42.476680755615234,139.05841064453125,45.54924011230469,0.05830802023410797,0.7917656302452087,0.7344840168952942,0.1589067131280899,1.1872254610061646
2026-02-16,127.46676635742188,59.02000045776367,170.6476593017578,102.84146881103516,37.540000915527344,104.77715301513672,1460.14208984375,409.773193359375,199.04144287109375,96.28874206542969,135.25860595703125,70.0529556274414,225.0,285.21746826171875,177.13999938964844,89.25,63.630001068115234,221.38450622558594,330.8266906738281,524.62744140625,427.92437744140625,121.34679412841797,203.8839111328125,32.34000015258789,150.1699981689453,13.687362670898438,21.117733001708984,158.39593505859375,78.66999816894531,232.02999877929688,200.14999389648438,432.3149108886719,1006.3430786132812,7.769999980926514,205.97055053710938,314.36846923828125,395.6267395019531,982.2806396484375,374.12750244140625,498.20001220703125,238.65142822265625,78.31876373291016,684.0868530273438,115.7448959350586,116.7243423461914,86.22871398925781,53.81349182128906,51.85574722290039,154.8993682861328,175.82708740234375,52.28847885131836,42.535274505615234,140.37367248535156,45.38272476196289,0.05841565132141113,0.7902015447616577,0.7309406995773315,0.1577361673116684,1.1789672374725342
2026-02-23,131.851318359375,57.7400016784668,173.12673950195312,105.89645385742188,37.220001220703125,105.23365020751953,1427.3291015625,406.5138854980469,202.8882293701172,98.62710571289062,133.7886199951172,73.86061096191406,233.5,279.40362548828125,172.19000244140625,79.55999755859375,56.060001373291016,228.54373168945312,317.7984924316406,515.4586791992188,412.1334533691406,129.1663360595703,213.4547119140625,34.40999984741211,145.80999755859375,13.765520095825195,21.216552734375,164.72073364257812,96.23999786376953,227.52999877929688,200.2100067138672,440.5538024902344,1048.679443359375,7.71999979019165,205.63900756835938,311.15472412109375,391.15484619140625,1007.7232666015625,372.6300048828125,504.95001220703125,245.79718017578125,80.0059814453125,680.6734619140625,116.98360443115234,116.13800048828125,88.30863952636719,54.833274841308594,50.80855178833008,158.2379608154297,175.73780822753906,52.73277282714844,42.808685302734375,138.2612762451172,46.754093170166016,0.05807267874479294,0.79107666015625,0.733030378818512,0.15813276171684265,1.1818934679031372
2026-03-02,129.92999267578125,62.59000015258789,157.95362854003906,103.51376342773438,35.369998931884766,100.76787567138672,1277.8973388671875,351.6528015136719,222.70713806152344,114.71815490722656,128.72314453125,74.98223876953125,240.64999389648438,245.10739135742188,195.19000244140625,72.98999786376953,54.45000076293945,226.60374450683594,328.6686096191406,520.5712890625,370.08758544921875,115.77808380126953,210.3976593017578,32.970001220703125,139.38999938964844,11.870197296142578,20.880563735961914,151.35195922851562,99.0199966430664,231.11000061035156,192.42999267578125,425.28131103515625,987.2135009765625,7.739999771118164,202.82923889160156,297.9404296875,407.30938720703125,995.0717163085938,350.3144836425781,498.9800109863281,237.85227966308594,75.57211303710938,667.1689453125,116.39892578125,113.73294830322266,84.1585922241211,55.470645904541016,49.95894241333008,150.82984924316406,168.59478759765625,49.227787017822266,41.88103485107422,136.79656982421875,45.78433609008789,0.0562334768474102,0.7848061919212341,0.7369740009307861,0.15550407767295837,1.16225004196167
2026-03-09,131.6444091796875,64.73999786376953,158.25230407714844,104.3837890625,32.52000045776367,98.53498077392578,1364.0987548828125,382.4622802734375,228.61610412597656,128.38169860839844,124.53167724609375,81.51527404785156,225.97999572753906,272.13165283203125,212.4499969482422,81.11000061035156,68.62999725341797,216.33267211914062,320.3941955566406,496.3036804199219,425.8855895996094,109.09762573242188,204.97286987304688,40.0,132.36000061035156,11.401250839233398,21.325254440307617,148.4161376953125,95.30999755859375,209.88999938964844,193.38999938964844,412.0008544921875,981.97998046875,8.239999771118164,206.33401489257812,301.9054870605469,393.9534912109375,1005.3704223632812,334.0443115234375,490.0299987792969,238.9604034423828,76.38805389404297,657.1571655273438,113.4161148071289,110.17506408691406,83.13825225830078,56.57868957519531,48.29924392700195,147.95545959472656,163.34666442871094,48.566280364990234,41.2560920715332,136.30833435058594,45.999839782714844,0.05575503408908844,0.7806401252746582,0.7243227958679199,0.15279772877693176,1.1469204425811768
2026-03-16,123.81135559082031,72.05999755859375,145.57737731933594,98.76814270019531,33.369998931884766,98.75331115722656,1355.5164794921875,409.892822265625,237.80674743652344,123.7545166015625,114.1921157836914,73.52609252929688,221.8800048828125,292.9295959472656,215.4199981689453,81.47000122070312,82.6500015258789,201.94529724121094,308.8080749511719,494.6393737792969,422.65740966796875,95.37828826904297,205.80206298828125,38.90999984741211,139.85000610351562,11.254706382751465,21.4339542388916,142.14059448242188,91.81999969482422,195.1199951171875,201.3300018310547,404.33984375,903.8466796875,7.980000019073486,194.53895568847656,300.6270751953125,380.3287048339844,969.3799438476562,316.03314208984375,480.94000244140625,232.87557983398438,73.8299331665039,645.301025390625,111.21617126464844,107.0743408203125,79.75346374511719,58.157405853271484,48.4869499206543,143.55010986328125,160.39024353027344,46.384307861328125,39.63513946533203,134.8037567138672,43.7370719909668,0.05591840296983719,0.7800312638282776,0.7286505103111267,0.15487068891525269,1.1592857837677002
2026-03-23,128.18605041503906,74.20999908447266,155.0087127685547,108.63507080078125,30.860000610351562,91.71721649169922,1365.5274658203125,379.4949951171875,252.14297485351562,135.19857788085938,116.92351531982422,74.4312744140625,216.9499969482422,275.17987060546875,203.02000427246094,74.80999755859375,81.41999816894531,206.2093048095703,299.6592102050781,482.6002502441406,357.0151062011719,101.65055084228516,198.64894104003906,44.47999954223633,121.83999633789062,11.108160018920898,23.809940338134766,140.59388732910156,93.43000030517578,190.52000427246094,201.99000549316406,378.383544921875,875.4761962890625,7.980000019073486,194.37017822265625,274.0000915527344,355.3300476074219,980.8749389648438,316.919921875,468.489990234375,237.90174865722656,74.77811431884766,630.8939819335938,106.41155242919922,105.23805236816406,80.68582153320312,61.74504852294922,47.4750862121582,142.087158203125,158.3835906982422,48.50458526611328,39.33137893676758,129.614013671875,44.97007369995117,0.05522695556282997,0.773874044418335,0.719631552696228,0.15403099358081818,1.1547343730926514
2026-03-30,130.7280731201172,71.62000274658203,150.72174072265625,113.59819793701172,33.15999984741211,95.87535858154297,1415.9014892578125,428.71038818359375,242.0005340576172,128.77801513671875,102.32295989990234,74.79153442382812,229.25,294.7984924316406,211.69000244140625,82.23999786376953,90.01000213623047,205.65785217285156,313.48211669921875,491.7691345214844,366.18365478515625,113.5479507446289,195.163330078125,53.310001373291016,136.0,11.332863807678223,24.476301193237305,140.997802734375,98.66000366210938,208.22000122070312,217.5,393.0812072753906,932.6358032226562,8.819999694824219,200.88327026367188,295.4035339355469,371.9526672363281,1011.880615234375,316.90020751953125,477.3500061035156,240.46429443359375,75.77568817138672,652.5244140625,111.044189453125,107.69772338867188,80.79434967041016,58.47816848754883,49.18303298950195,145.6081085205078,162.93016052246094,49.99215316772461,40.90424346923828,135.6697235107422,45.70987319946289,0.05593873932957649,0.7774840593338013,0.7171028852462769,0.15414734184741974,1.1522064208984375
2026-04-06,134.29481506347656,66.08000183105469,154.260986328125,115.1504135131836,34.09000015258789,98.4158935546875,1591.3919677734375,502.36883544921875,236.77565002441406,120.20735168457031,109.42459106445312,73.08699798583984,239.27999877929688,343.2303161621094,166.99000549316406,102.0,75.58999633789062,204.7715606689453,370.28857421875,497.82550048828125,420.52532958984375,120.3677978515625,194.04383850097656,59.58000183105469,139.72999572753906,11.85065746307373,24.754777908325195,143.00755310058594,103.01000213623047,217.6300048828125,245.0399932861328,390.8908996582031,936.5135498046875,9.460000038146973,206.10565185546875,316.8469543457031,369.37310791015625,995.4406127929688,332.37921142578125,479.8999938964844,235.93284606933594,76.5164566040039,676.0353393554688,113.28097534179688,112.41789245605469,81.26792907714844,56.19825744628906,50.41434860229492,146.10400390625,170.6404266357422,51.529300689697266,42.093719482421875,142.28408813476562,46.321441650390625,0.05784860625863075,0.7853608131408691,0.7225433588027954,0.15692675113677979,1.1728830337524414
2026-04-13,131.69366455078125,64.9800033569336,162.9645233154297,114.21117401123047,35.83000183105469,105.48175048828125,1648.969482421875,546.9213256835938,221.73550415039062,111.64659118652344,107.55731201171875,69.98513793945312,244.47999572753906,372.3033752441406,200.99000549316406,116.8499984741211,85.62999725341797,206.9072723388672,405.15985107421875,520.4276123046875,455.0000305175781,115.9871597290039,202.49008178710938,68.91999816894531,163.8000030517578,12.573616027832031,26.296358108520508,144.75131225585938,97.30999755859375,223.3800048828125,278.3900146484375,391.287353515625,924.1127319335938,10.3100004196167,209.01470947265625,341.2566833496094,421.0835876464844,996.8563232421875,344.2618408203125,474.5799865722656,231.6981964111328,74.80774688720703,706.5607299804688,118.40074157714844,119.90644836425781,81.35671997070312,54.30326843261719,52.062721252441406,147.58181762695312,172.62022399902344,51.44996643066406,43.725563049316406,153.98648071289062,45.53232192993164,0.05781650170683861,0.7876496315002441,0.7259001135826111,0.15743568539619446,1.1774401664733887
2026-04-20,132.74790954589844,70.88999938964844,163.85183715820312,112.35247039794922,34.209999084472656,101.81980895996094,1724.55078125,585.3630981445312,233.83106994628906,119.8209228515625,108.15325164794922,70.92659759521484,229.27000427246094,403.76507568359375,207.07000732421875,110.13999938964844,95.20999908447266,197.3056182861328,421.32476806640625,503.3262634277344,496.64361572265625,120.16867065429688,200.8008270263672,69.02999877929688,154.88999938964844,12.094901084899902,28.00701332092285,147.08203125,92.44000244140625,232.44000244140625,347.80999755859375,356.0842590332031,881.17822265625,10.460000038146973,207.25735473632812,343.97332763671875,422.90618896484375,1008.0821533203125,330.9505310058594,469.32000732421875,225.0889892578125,75.68679809570312,710.341552734375,114.86164855957031,118.19364929199219,82.11642456054688,56.12916946411133,51.05979537963867,142.9996337890625,171.58555603027344,51.48963165283203,43.08659362792969,159.8426513671875,45.55205154418945,0.05758809298276901,0.783944845199585,0.7312079668045044,0.15687258541584015,1.1724703311920166
2026-04-27,134.89584350585938,71.63999938964844,154.809326171875,115.73908233642578,32.97999954223633,102.2961654663086,1865.3226318359375,725.8302001953125,244.75672912597656,121.56478881835938,110.91443634033203,74.54378509521484,220.92999267578125,431.26904296875,217.5,119.01000213623047,102.81999969482422,205.1398468017578,419.8497619628906,494.6308288574219,542.1266479492188,108.14185333251953,199.22152709960938,62.58000183105469,166.47999572753906,11.606414794921875,28.414785385131836,146.16883850097656,92.05999755859375,227.3800048828125,360.5400085449219,357.3825988769531,960.2984619140625,13.300000190734863,215.35902404785156,385.2121887207031,412.76727294921875,1010.0940551757812,319.11712646484375,473.010009765625,224.7822723388672,77.61279296875,717.0177001953125,116.03471374511719,118.1338882446289,83.04383850097656,58.0833740234375,51.55629348754883,143.97161865234375,172.0730438232422,50.92435836791992,43.56827926635742,161.48875427246094,45.91701889038086,0.05733221769332886,0.786101758480072,0.7355645298957825,0.15687258541584015,1.1727453470230103
2026-05-04,129.17652893066406,65.20999908447266,147.27224731445312,110.92780303955078,32.4900016784668,107.19859313964844,1950.5950927734375,781.4559326171875,238.99647521972656,113.96512603759766,108.6300048828125,67.7157211303711,238.66000366210938,479.72088623046875,196.1300048828125,114.1500015258789,163.9499969482422,200.1255340576172,428.5401611328125,494.65081787109375,746.6951293945312,115.99711608886719,193.9138946533203,64.58999633789062,155.8000030517578,12.03628158569336,31.179683685302734,145.33506774902344,87.48999786376953,237.36000061035156,455.19000244140625,313.4580078125,945.4652709960938,12.819999694824219,213.09532165527344,400.3034362792969,413.44451904296875,1007.1886596679688,312.78167724609375,475.94000244140625,218.9744873046875,77.45475769042969,733.9021606445312,116.25343322753906,119.69732666015625,83.05370330810547,54.97441101074219,50.88105773925781,142.31529235839844,172.3118133544922,51.16237258911133,43.6567497253418,175.10662841796875,44.111900329589844,0.058264534920454025,0.7893283367156982,0.7315824031829834,0.15773119032382965,1.1793843507766724
2026-05-11,124.20438385009766,72.29000091552734,139.25660705566406,108.38299560546875,32.650001525878906,101.93889617919922,1991.70849609375,794.2664794921875,248.59361267089844,124.59801483154297,104.98217010498047,70.91667938232422,240.5,481.7397155761719,197.55999755859375,107.30000305175781,154.8699951171875,208.90306091308594,423.7464904785156,493.3729553222656,724.5485229492188,108.57991027832031,199.64134216308594,61.93000030517578,158.1699981689453,13.256427764892578,32.92017364501953,140.52101135253906,87.0199966430664,220.49000549316406,424.1000061035156,323.259765625,1003.4819946289062,13.949999809265137,212.9361572265625,396.2884216308594,420.2170715332031,1047.284912109375,293.1349182128906,482.70001220703125,224.307373046875,79.82522583007812,735.4443969726562,115.39847564697266,116.04267883300781,83.50755310058594,58.66569137573242,50.74203872680664,143.912109375,170.52102661132812,49.883060455322266,42.49676513671875,175.84486389160156,43.273460388183594,0.057731058448553085,0.7811279296875,0.7271140813827515,0.15557421743869781,1.1623852252960205
2026-05-18,130.59571838378906,75.41000366210938,155.79632568359375,111.73300170898438,32.88999938964844,102.21676635742188,1827.3037109375,811.5004272460938,246.00927734375,121.07616424560547,108.82942199707031,69.4995346069336,247.0500030517578,483.9984130859375,216.1699981689453,105.48999786376953,158.4600067138672,214.17552185058594,412.7340393066406,497.7056884765625,750.884521484375,107.16616821289062,199.4214324951172,60.61000061035156,141.6699981689453,14.770035743713379,37.37583923339844,143.3697509765625,88.5999984741211,219.02000427246094,467.510009765625,317.76922607421875,1063.47607421875,15.470000267028809,215.3570098876953,382.49554443359375,417.7835388183594,1026.6077880859375,308.4660949707031,486.3800048828125,231.85650634765625,80.47710418701172,741.8817749023438,114.78211212158203,118.68159484863281,83.66541290283203,58.71504211425781,51.57615280151367,148.66290283203125,170.88914489746094,49.873146057128906,43.80420684814453,179.9651336669922,44.733333587646484,0.05775739252567291,0.7813110947608948,0.7234319448471069,0.15530361235141754,1.1609008312225342
2026-05-25,125.712890625,74.19999694824219,159.7443084716797,108.40287780761719,31.860000610351562,101.05567169189453,1827.263671875,878.4689331054688,243.8775177001953,111.77409362792969,108.92909240722656,67.93374633789062,224.11000061035156,530.901123046875,241.82000732421875,109.52999877929688,155.9499969482422,216.18125915527344,445.25323486328125,493.1533203125,970.8507080078125,109.5818862915039,190.3154754638672,58.529998779296875,176.0,17.253143310546875,42.806175231933594,142.4962615966797,86.0199966430664,231.14999389648438,516.0999755859375,306.739501953125,1103.4188232421875,14.84000015258789,204.5577850341797,379.8687744140625,449.3940124511719,954.8019409179688,312.47625732421875,474.4800109863281,224.22413635253906,78.0374984741211,752.6671142578125,115.0107650756836,120.36453247070312,81.80070495605469,55.55672836303711,51.21867752075195,148.246337890625,172.24217224121094,50.726016998291016,43.24387741088867,190.5701141357422,43.81597900390625,0.057670462876558304,0.7835148572921753,0.7247427105903625,0.15605954825878143,1.16604483127594
2026-06-01,128.1642303466797,74.41999816894531,148.30906677246094,110.08284759521484,29.34000015258789,98.95178985595703,1842.9854736328125,846.1878662109375,254.8351593017578,112.90824890136719,112.29792022705078,66.59587860107422,210.4499969482422,511.5557861328125,250.11000061035156,100.38999938964844,169.8699951171875,225.62403869628906,384.42047119140625,490.2581481933594,863.8771362304688,99.50286865234375,203.929443359375,60.13999938964844,173.4499969482422,14.7403564453125,48.932708740234375,145.4541778564453,82.18000030517578,215.4499969482422,466.3800048828125,291.6797180175781,1129.801025390625,14.380000114440918,206.15174865722656,368.07342529296875,415.8870849609375,970.3272705078125,308.50653076171875,488.1300048828125,231.6276397705078,78.50171661376953,733.83251953125,111.01436614990234,114.3796615600586,82.3236083984375,56.91874694824219,51.93362808227539,151.75733947753906,173.28677368164062,50.2103271484375,43.941829681396484,179.87535095214844,43.74692916870117,0.05728032812476158,0.7748934030532837,0.7177720069885254,0.15417109429836273,1.1524720191955566
2026-06-08,128.2535400390625,72.13999938964844,147.57131958007812,110.45065307617188,32.22999954223633,99.27928161621094,1876.6380615234375,929.6314086914062,257.6741943359375,108.91880798339844,114.96907043457031,67.0121078491211,218.05999755859375,562.7493286132812,228.47999572753906,100.55000305175781,170.44000244140625,226.12049865722656,380.7729187011719,489.1600341796875,981.4590454101562,100.02178955078125,203.0198516845703,69.88999938964844,162.10000610351562,14.680999755859375,47.908302307128906,148.50143432617188,80.33999633789062,219.0500030517578,511.57000732421875,296.2981872558594,1131.3787841796875,14.800000190734863,213.42430114746094,359.4489440917969,390.00579833984375,980.7905883789062,325.98773193359375,489.25,239.6878662109375,81.60306549072266,738.0113525390625,110.9944839477539,116.11238098144531,84.67176818847656,56.80031204223633,52.966346740722656,152.55079650878906,175.2765350341797,51.74747848510742,44.59063720703125,184.36476135253906,43.92448425292969,0.05811115354299545,0.7788161635398865,0.7146941423416138,0.15478438138961792,1.1576753854751587
2026-06-15,126.72518920898438,68.55000305175781,163.25364685058594,110.45065307617188,32.4900016784668,103.0999984741211,1966.3917236328125,1068.61083984375,235.3903045654297,102.40238189697266,118.7066879272461,62.294898986816406,230.8300018310547,745.990478515625,224.05999755859375,117.94999694824219,173.27000427246094,214.95994567871094,409.9534912109375,488.9703369140625,1133.8155517578125,103.57439422607422,204.779052734375,72.33999633789062,174.9600067138672,13.909357070922852,47.29038619995117,149.26573181152344,77.37999725341797,222.72000122070312,537.3699951171875,284.10504150390625,1096.9979248046875,13.489999771118164,205.872802734375,367.7935791015625,378.6871032714844,949.939697265625,331.8346252441406,489.4599914550781,227.2691192626953,78.91908264160156,744.8902587890625,108.8073959350586,116.6700439453125,82.18548583984375,53.06955337524414,53.194732666015625,148.17689514160156,179.98228454589844,51.38054656982422,43.11608123779297,190.98912048339844,44.1513557434082,0.057702407240867615,0.774113655090332,0.7062146663665771,0.15346838533878326,1.1479737758636475
2026-06-22,137.64207458496094,64.63999938964844,163.2227020263672,115.22217559814453,33.34000015258789,98.03878021240234,1853.270263671875,899.1792602539062,258.3714904785156,105.1581802368164,124.43769836425781,60.43179702758789,260.75,586.2618408203125,237.24000549316406,96.58000183105469,139.27999877929688,251.55943298339844,364.35650634765625,498.18487548828125,1132.1558837890625,95.93030548095703,224.24041748046875,90.5999984741211,166.94000244140625,13.978607177734375,43.5997200012207,147.9158172607422,73.80999755859375,217.25,521.5800170898438,280.6809997558594,1206.3912353515625,13.010000228881836,226.47503662109375,337.17327880859375,372.2691955566406,951.0279541015625,346.3079528808594,498.6600036621094,253.4102020263672,82.13985443115234,727.1842651367188,105.83120727539062,114.11865997314453,84.1565170288086,53.52186584472656,53.38107681274414,159.72869873046875,180.7143096923828,51.363624572753906,44.86238098144531,180.89889526367188,45.86277389526367,0.05717814341187477,0.7729767560958862,0.7048706412315369,0.15231595933437347,1.1394712924957275
2026-06-29,137.4634246826172,60.36000061035156,150.80303955078125,114.42691802978516,35.38999938964844,99.5,1740.398681640625,819.5030517578125,266.72918701171875,109.97337341308594,121.71672058105469,65.05999755859375,274.5,538.8270263671875,242.41000366210938,81.74500274658203,130.1300048828125,259.2248840332031,359.7948303222656,538.4873046875,975.4099731445312,96.83841705322266,232.22000122070312,85.20999908447266,194.6699981689453,13.216856956481934,41.125980377197266,150.28810119628906,77.6500015258789,226.49000549316406,517.8200073242188,290.1468811035156,1212.1729736328125,12.069999694824219,235.17221069335938,359.6788024902344,389.7562561035156,950.1593017578125,355.2818298339844,507.7799987792969,261.74908447265625,83.64089965820312,742.9351806640625,109.2399673461914,116.86261749267578,84.4346923828125,52.9055290222168,55.42384338378906,163.11573791503906,183.41705322265625,51.77174377441406,44.30705642700195,180.37950134277344,45.42598342895508,0.05729148909449577,0.7746533751487732,0.7043741345405579,0.15301984548568726,1.144426703453064
2026-07-06,134.4066925048828,64.80999755859375,158.6002655029297,114.36727905273438,35.25,95.62000274658203,1755.1810302734375,909.6109008789062,279.6094055175781,116.32066345214844,113.44412994384766,65.43000030517578,270.45001220703125,582.403076171875,268.3999938964844,88.87999725341797,130.49000549316406,246.32667541503906,399.2430114746094,526.739990234375,979.2999877929688,95.09204864501953,230.72000122070312,86.79000091552734,195.33999633789062,13.850000381469727,48.417537689208984,145.95046997070312,73.37000274658203,222.27999877929688,557.8900146484375,284.7619934082031,1186.879150390625,12.4399995803833,230.71900939941406,356.9505615234375,384.37640380859375,914.7955322265625,340.78863525390625,493.7099914550781,255.7188262939453,82.99475860595703,753.0799560546875,111.27326965332031,116.98234558105469,83.57038116455078,54.754539489746094,55.513526916503906,160.22679138183594,181.432373046875,50.65687561035156,44.078975677490234,185.56344604492188,45.07854080200195,0.05729279667139053,0.7738141417503357,0.7056665420532227,0.15271371603012085,1.1419435739517212
2026-07-13,131.1415557861328,64.0199966430664,155.18585205078125,112.56800842285156,34.439998626708984,97.66999816894531,1673.193603515625,787.0291137695312,308.4579162597656,120.79759979248047,115.158447265625,67.27999877929688,261.0,477.0668640136719,277.6600036621094,73.20999908447266,118.91000366210938,254.49000549316406,370.15594482421875,543.5999755859375,848.9500122070312,89.51365661621094,207.9499969482422,92.69999694824219,181.17999267578125,14.077535629272461,45.70439910888672,148.86868286132812,68.94999694824219,214.02999877929688,495.760009765625,267.8807067871094,1177.4227294921875,10.119999885559082,242.33517456054688,346.5472412109375,393.08001708984375,939.37646484375,336.39105224609375,490.9100036621094,251.7981414794922,81.07620239257812,741.4487915039062,110.2865219116211,115.18630981445312,84.63338470458984,57.339176177978516,56.061588287353516,160.475830078125,178.92910766601562,50.298526763916016,45.04087448120117,175.3853302001953,44.84029006958008,0.05704474076628685,0.7745333313941956,0.7131141424179077,0.15301047265529633,1.144164800643921
2026-07-20,134.515869140625,69.5,163.1128692626953,115.26193237304688,31.790000915527344,94.8499984741211,1732.70263671875,851.0078125,301.33544921875,124.42889404296875,113.58366394042969,68.0999984741211,253.86000061035156,519.6331787109375,262.1499938964844,71.87999725341797,123.54000091552734,259.3599853515625,381.225830078125,539.6599731445312,920.9500122070312,92.99641418457031,213.8300018310547,92.16000366210938,168.72999572753906,14.216035842895508,47.569679260253906,147.41000366210938,70.08999633789062,209.52000427246094,521.9500122070312,286.2550048828125,1194.318603515625,9.100000381469727,251.12200927734375,319.53460693359375,380.9828186035156,935.030029296875,330.5441589355469,494.92999267578125,262.1072998046875,81.76211547851562,737.099609375,105.95081329345703,109.16956329345703,83.58030700683594,59.2677116394043,56.111412048339844,161.9501953125,182.17039489746094,51.02518081665039,45.56645584106445,175.67498779296875,45.952117919921875,0.05724328011274338,0.7749534845352173,0.7092198729515076,0.1521190106868744,1.1377859115600586
2026-07-27,126.88397979736328,70.44999694824219,147.9477081298828,106.98136901855469,37.220001220703125,96.19000244140625,1728.794677734375,855.4442749023438,312.8999938964844,124.54827880859375,110.45403289794922,69.06999969482422,243.91000366210938,544.6651611328125,278.9800109863281,71.7699966430664,117.5,250.94000244140625,388.5724182128906,573.0999755859375,823.030029296875,93.51533508300781,211.4199981689453,96.51000213623047,140.6699981689453,14.522714614868164,47.779151916503906,144.49000549316406,71.70999908447266,216.13999938964844,476.1499938964844,324.9346618652344,1147.196044921875,9.140000343322754,233.5583038330078,355.9012451171875,463.8468017578125,951.8900146484375,329.5315856933594,511.5400085449219,255.09190368652344,87.0704345703125,745.1796264648438,107.88443756103516,115.83487701416016,84.49430084228516,59.198123931884766,56.73918914794922,161.93026733398438,179.3579559326172,50.1989860534668,44.69379806518555,175.14561462402344,44.026275634765625,0.05769474804401398,0.7799704074859619,0.7134194374084473,0.15426099300384521,1.1538017988204956
2026-08-03,124.77999877929688,65.95999908447266,140.36012268066406,106.54397583007812,32.790000915527344,104.91000366210938,1693.6729736328125,812.1090087890625,298.30999755859375,113.76383972167969,115.67672729492188,64.41999816894531,255.41000366210938,434.1606140136719,300.2699890136719,90.66999816894531,124.1500015258789,246.0399932861328,426.98248291015625,562.9500122070312,877.5700073242188,112.74530792236328,215.3300018310547,98.81999969482422,161.6999969482422,13.83021354675293,53.085731506347656,145.7899932861328,74.13999938964844,234.4199981689453,483.3599853515625,322.9737854003906,1184.0133056640625,9.359999656677246,236.0289764404297,354.0723876953125,499.0505065917969,947.8200073242188,353.0185241699219,521.7999877929688,257.96771240234375,86.53364562988281,771.3446044921875,110.88455200195312,119.59659576416016,84.5638427734375,57.16023635864258,57.3968620300293,165.04832458496094,184.6836395263672,52.617855072021484,44.604549407958984,187.7509002685547,43.29167938232422,0.0584033727645874,0.7827788591384888,0.7167431116104126,0.1546192467212677,1.156336784362793
2026-08-10,125.5999984741211,68.30999755859375,147.8878173828125,107.83999633789062,33.5,106.8499984741211,1774.06005859375,972.6603393554688,341.6700134277344,118.30000305175781,114.69000244140625,68.23999786376953,248.5,508.63671875,315.7799987792969,105.26000213623047,129.9199981689453,249.4600067138672,392.2756652832031,569.2899780273438,971.6599731445312,117.51537322998047,209.60000610351562,111.04000091552734,178.08999633789062,14.369999885559082,58.5618782043457,144.5500030517578,78.16000366210938,231.6699981689453,514.3900146484375,326.18878173828125,1180.1600341796875,10.760000228881836,235.52000427246094,345.67779541015625,494.4691467285156,961.0999755859375,336.381103515625,504.0299987792969,259.072265625,87.18972778320312,774.4169921875,112.57896423339844,117.94023895263672,85.52750396728516,61.5441780090332,57.95488739013672,166.7318878173828,186.01007080078125,52.299320220947266,44.89213180541992,189.78851318359375,43.986572265625,0.05879378691315651,0.7817997336387634,0.7207726240158081,0.15479636192321777,1.1568717956542969
2026-08-17,120.94000244140625,69.58000183105469,135.9873046875,104.62000274658203,36.900001525878906,107.77999877929688,1655.6099853515625,849.3191528320312,348.8599853515625,129.60000610351562,116.16999816894531,75.2699966430664,253.2899932861328,459.2925720214844,293.1400146484375,87.8499984741211,115.63999938964844,264.9599914550781,367.7803039550781,580.6300048828125,966.780029296875,131.30667114257812,219.27999877929688,107.95999908447266,153.2899932861328,14.40999984741211,53.31515121459961,144.67999267578125,79.58999633789062,214.1999969482422,473.25,296.8157958984375,1255.4000244140625,10.210000038146973,239.22000122070312,344.5985107421875,483.239990234375,947.739990234375,333.1548767089844,495.82000732421875,268.9137268066406,90.55961608886719,763.8232421875,111.0340576171875,117.76063537597656,85.42815399169922,63.26395797729492,57.277286529541016,173.95425415039062,179.76686096191406,53.29473876953125,44.70371627807617,183.09632873535156,42.45781326293945,0.05916214361786842,0.7880220413208008,0.7262164354324341,0.15623779594898224,1.1689070463180542
2026-08-24,122.30999755859375,70.13999938964844,136.8658447265625,105.75,38.029998779296875,108.0999984741211,1518.72998046875,829.0953979492188,352.3599853515625,125.79000091552734,113.87999725341797,73.51000213623047,247.91000366210938,459.3025817871094,299.8399963378906,84.2300033569336,111.20999908447266,255.47999572753906,368.11968994140625,595.2999877929688,932.8599853515625,127.71414184570312,218.63999938964844,91.1500015258789,153.0,13.880000114440918,52.17802429199219,143.77999877929688,81.72000122070312,209.82000732421875,465.5799865722656,294.2099914550781,1174.6099853515625,10.210000038146973,238.07000732421875,346.36737060546875,513.530029296875,945.469970703125,327.7745361328125,505.0,268.0400085449219,89.12816619873047,767.4442749023438,112.61883544921875,116.9524154663086,84.89168548583984,62.30963134765625,57.89509963989258,170.5074462890625,176.66519165039062,52.93638610839844,44.10872268676758,185.4735565185547,42.4181022644043,0.05875267833471298,0.7855459451675415,0.719062328338623,0.15496908128261566,1.1587486267089844
2026-08-31,124.5,73.7300033569336,149.05589294433594,107.2699966430664,36.959999084472656,105.30999755859375,1610.3399658203125,848.5997924804688,370.7200012207031,133.35000610351562,123.38999938964844,79.47000122070312,270.55999755859375,467.3099670410156,278.9200134277344,89.36000061035156,112.47000122070312,256.4599914550781,357.24945068359375,579.2100219726562,1016.5900268554688,128.08999633789062,218.9499969482422,92.51000213623047,154.4600067138672,14.619999885559082,51.868804931640625,146.44000244140625,78.25,212.25,477.57000732421875,285.92999267578125,1149.3599853515625,10.029999732971191,236.1699981689453,338.4599914550781,499.70001220703125,915.739990234375,321.04998779296875,506.0299987792969,275.2300109863281,87.54759216308594,768.2822265625,111.6619873046875,114.65747833251953,84.02737426757812,63.68147277832031,57.89509963989258,170.7963409423828,174.80020141601562,52.19977569580078,43.563316345214844,187.06170654296875,42.76554870605469,0.05926874652504921,0.7884569764137268,0.7228044867515564,0.15538567304611206,1.1621150970458984
2026-09-07,123.33000183105469,76.2699966430664,148.1374053955078,105.33000183105469,36.20000076293945,106.55000305175781,1690.8199462890625,829.5050659179688,390.4200134277344,133.07000732421875,116.3499984741211,78.44999694824219,263.5150146484375,447.17999267578125,306.5299987792969,88.98999786376953,122.94999694824219,257.1199951171875,361.33203125,569.1900024414062,975.260009765625,126.80999755859375,217.6199951171875,92.37999725341797,157.77000427246094,13.970000267028809,61.933349609375,145.27000427246094,77.4000015258789,210.4499969482422,516.1300048828125,279.69000244140625,1115.699951171875,11.130000114440918,235.6199951171875,338.5,495.6300048828125,904.77001953125,308.739990234375,510.3699951171875,265.5799865722656,87.76628875732422,762.3967895507812,112.23011779785156,112.71175384521484,82.83521270751953,64.75509643554688,57.048095703125,164.72955322265625,171.90797424316406,50.71660232543945,43.05757141113281,187.4512481689453,42.08058547973633,0.0589786097407341,0.7893905639648438,0.7217090129852295,0.1551855206489563,1.160496711730957
2026-09-14,120.0,72.2699966430664,140.44000244140625,102.01000213623047,33.43000030517578,102.66999816894531,1651.3699951171875,858.1021118164062,413.2799987792969,127.69999694824219,115.12999725341797,77.08999633789062,236.72000122070312,441.3599853515625,323.6000061035156,81.36000061035156,130.13999938964844,263.9599914550781,356.9599914550781,565.239990234375,1015.7999877929688,123.41000366210938,213.47999572753906,94.95999908447266,150.85000610351562,13.210000038146973,60.7599983215332,146.38999938964844,71.79000091552734,198.1999969482422,559.8200073242188,272.8599853515625,1152.9300537109375,10.680000305175781,228.8699951171875,349.5400085449219,493.7799987792969,895.3099975585938,299.9800109863281,509.7699890136719,269.989990234375,88.25,761.6900024414062,110.44599151611328,110.78599548339844,82.25900268554688,63.929996490478516,55.66299819946289,167.7480010986328,169.2949981689453,49.76100158691406,42.17499923706055,189.37899780273438,40.79999923706055,0.05809259042143822,0.7838833928108215,0.7144898176193237,0.15366648137569427,1.1487650871276855
